"date","symbol","price","volume"
2024-01-01,"BTC",44167.33203125,18426978443
2024-01-02,"BTC",44957.96875,39335274536
2024-01-03,"BTC",42848.17578125,46342323118
2024-01-04,"BTC",44179.921875,30448091210
2024-01-05,"BTC",44162.69140625,32336029347
2024-01-06,"BTC",43989.1953125,16092503468
2024-01-07,"BTC",43943.09765625,19330573863
2024-01-08,"BTC",46970.50390625,42746192015
2024-01-09,"BTC",46139.73046875,39821290992
2024-01-10,"BTC",46627.77734375,50114613298
2024-01-11,"BTC",46368.5859375,45833734549
2024-01-12,"BTC",42853.16796875,43332698900
2024-01-13,"BTC",42842.3828125,20601860469
2024-01-14,"BTC",41796.26953125,17521429522
2024-01-15,"BTC",42511.96875,22320220558
2024-01-16,"BTC",43154.9453125,24062872740
2024-01-17,"BTC",42742.65234375,20851232595
2024-01-18,"BTC",41262.05859375,25218357242
2024-01-19,"BTC",41618.40625,25752407154
2024-01-20,"BTC",41665.5859375,11586690904
2024-01-21,"BTC",41545.78515625,9344043642
2024-01-22,"BTC",39507.3671875,31338708143
2024-01-23,"BTC",39845.55078125,29244553045
2024-01-24,"BTC",40077.07421875,22359526178
2024-01-25,"BTC",39933.80859375,18491782013
2024-01-26,"BTC",41816.87109375,25598119893
2024-01-27,"BTC",42120.0546875,11422941934
2024-01-28,"BTC",42035.59375,16858971687
2024-01-29,"BTC",43288.24609375,20668476578
2024-01-30,"BTC",42952.609375,23842814518
2024-01-31,"BTC",42582.60546875,24673628793
2024-02-01,"BTC",43075.7734375,21423953779
2024-02-02,"BTC",43185.859375,18603843039
2024-02-03,"BTC",42992.25,11169245236
2024-02-04,"BTC",42583.58203125,14802225490
2024-02-05,"BTC",42658.66796875,18715487317
2024-02-06,"BTC",43084.671875,16798476726
2024-02-07,"BTC",44318.22265625,21126587775
2024-02-08,"BTC",45301.56640625,26154524080
2024-02-09,"BTC",47147.19921875,39316770844
2024-02-10,"BTC",47771.27734375,16398681570
2024-02-11,"BTC",48293.91796875,19315867136
2024-02-12,"BTC",49958.22265625,34511985805
2024-02-13,"BTC",49742.44140625,35593051468
2024-02-14,"BTC",51826.6953125,39105608050
2024-02-15,"BTC",51938.5546875,38564360533
2024-02-16,"BTC",52160.203125,28180567298
2024-02-17,"BTC",51662.99609375,20009091006
2024-02-18,"BTC",52122.546875,17595377311
2024-02-19,"BTC",51779.14453125,21362184346
2024-02-20,"BTC",52284.875,33353758256
2024-02-21,"BTC",51839.1796875,28624907020
2024-02-22,"BTC",51304.97265625,25413900611
2024-02-23,"BTC",50731.94921875,21427078270
2024-02-24,"BTC",51571.1015625,15174077879
2024-02-25,"BTC",51733.23828125,15413239245
2024-02-26,"BTC",54522.40234375,34074411896
2024-02-27,"BTC",57085.37109375,49756832031
2024-02-28,"BTC",62504.7890625,83239156760
2024-02-29,"BTC",61198.3828125,65496611844
2024-03-01,"BTC",62440.6328125,40186368423
2024-03-02,"BTC",62029.84765625,23888473685
2024-03-03,"BTC",63167.37109375,26253811450
2024-03-04,"BTC",68330.4140625,70670471105
2024-03-05,"BTC",63801.19921875,102802940877
2024-03-06,"BTC",66106.8046875,68750229073
2024-03-07,"BTC",66925.484375,46989543159
2024-03-08,"BTC",68300.09375,59202881172
2024-03-09,"BTC",68498.8828125,21609650379
2024-03-10,"BTC",69019.7890625,35683977532
2024-03-11,"BTC",72123.90625,65716656765
2024-03-12,"BTC",71481.2890625,62554434520
2024-03-13,"BTC",73083.5,48212536929
2024-03-14,"BTC",71396.59375,59594605698
2024-03-15,"BTC",69403.7734375,78320453976
2024-03-16,"BTC",65315.1171875,46842198371
2024-03-17,"BTC",68390.625,44716864318
2024-03-18,"BTC",67548.59375,49261579492
2024-03-19,"BTC",61912.7734375,74215844794
2024-03-20,"BTC",67913.671875,66792634382
2024-03-21,"BTC",65491.390625,44480350565
2024-03-22,"BTC",63778.76171875,41401116964
2024-03-23,"BTC",64062.203125,24738964812
2024-03-24,"BTC",67234.171875,27206630673
2024-03-25,"BTC",69958.8125,42700139523
2024-03-26,"BTC",69987.8359375,36010437368
2024-03-27,"BTC",69455.34375,40827113309
2024-03-28,"BTC",70744.953125,34374900617
2024-03-29,"BTC",69892.828125,25230851763
2024-03-30,"BTC",69645.3046875,17130241883
2024-03-31,"BTC",71333.6484375,20050941373
2024-04-01,"BTC",69702.1484375,34873527352
2024-04-02,"BTC",65446.97265625,50705240709
2024-04-03,"BTC",65980.8125,34488018367
2024-04-04,"BTC",68508.84375,34439527442
2024-04-05,"BTC",67837.640625,33748230056
2024-04-06,"BTC",68896.109375,19967785809
2024-04-07,"BTC",69362.5546875,21204930369
2024-04-08,"BTC",71631.359375,37261432669
2024-04-09,"BTC",69139.015625,36426900409
2024-04-10,"BTC",70587.8828125,38318601774
2024-04-11,"BTC",70060.609375,30153382941
2024-04-12,"BTC",67195.8671875,44129299406
2024-04-13,"BTC",63821.47265625,52869738185
2024-04-14,"BTC",65738.7265625,49084320047
2024-04-15,"BTC",63426.2109375,43595917654
2024-04-16,"BTC",63811.86328125,42847528078
2024-04-17,"BTC",61276.69140625,41915247049
2024-04-18,"BTC",63512.75390625,36006307335
2024-04-19,"BTC",63843.5703125,49920425401
2024-04-20,"BTC",64994.44140625,23097485495
2024-04-21,"BTC",64926.64453125,20506644853
2024-04-22,"BTC",66837.6796875,28282686673
2024-04-23,"BTC",66407.2734375,24310975583
2024-04-24,"BTC",64276.8984375,30276655120
2024-04-25,"BTC",64481.70703125,32155786816
2024-04-26,"BTC",63755.3203125,24139372950
2024-04-27,"BTC",63419.140625,19530783039
2024-04-28,"BTC",63113.23046875,17334827993
2024-04-29,"BTC",63841.12109375,26635912073
2024-04-30,"BTC",60636.85546875,37840840057
2024-05-01,"BTC",58254.01171875,48439780271
2024-05-02,"BTC",59123.43359375,32711813559
2024-05-03,"BTC",62889.8359375,33172023048
2024-05-04,"BTC",63891.47265625,20620477992
2024-05-05,"BTC",64031.1328125,18296164805
2024-05-06,"BTC",63161.94921875,28697928697
2024-05-07,"BTC",62334.81640625,25930730982
2024-05-08,"BTC",61187.94140625,26088172222
2024-05-09,"BTC",63049.9609375,25453338161
2024-05-10,"BTC",60792.77734375,27804954694
2024-05-11,"BTC",60793.7109375,13842272968
2024-05-12,"BTC",61448.39453125,13800459405
2024-05-13,"BTC",62901.44921875,27889181179
2024-05-14,"BTC",61552.7890625,28186271527
2024-05-15,"BTC",66267.4921875,39815167074
2024-05-16,"BTC",65231.58203125,31573077994
2024-05-17,"BTC",67051.875,28031279310
2024-05-18,"BTC",66940.8046875,16712277406
2024-05-19,"BTC",66278.3671875,19249094538
2024-05-20,"BTC",71448.1953125,43850655717
2024-05-21,"BTC",70136.53125,46932005990
2024-05-22,"BTC",69122.3359375,32802561717
2024-05-23,"BTC",67929.5625,41895680979
2024-05-24,"BTC",68526.1015625,29197308153
2024-05-25,"BTC",69265.9453125,15473071741
2024-05-26,"BTC",68518.09375,15628433737
2024-05-27,"BTC",69394.5546875,25870990717
2024-05-28,"BTC",68296.21875,32722265965
2024-05-29,"BTC",67578.09375,26707072906
2024-05-30,"BTC",68364.9921875,29509712534
2024-05-31,"BTC",67491.4140625,27387283769
2024-06-01,"BTC",67706.9375,11641495604
2024-06-02,"BTC",67751.6015625,17110588415
2024-06-03,"BTC",68804.78125,32401285324
2024-06-04,"BTC",70567.765625,33149696545
2024-06-05,"BTC",71082.8203125,32810771409
2024-06-06,"BTC",70757.1640625,25223152007
2024-06-07,"BTC",69342.5859375,36188381096
2024-06-08,"BTC",69305.7734375,14262185861
2024-06-09,"BTC",69647.9921875,13534028500
2024-06-10,"BTC",69512.28125,20597699541
2024-06-11,"BTC",67332.03125,37116136345
2024-06-12,"BTC",68241.1875,34497940694
2024-06-13,"BTC",66756.3984375,28955204146
2024-06-14,"BTC",66011.09375,27403884779
2024-06-15,"BTC",66191,14121265576
2024-06-16,"BTC",66639.046875,13281140541
2024-06-17,"BTC",66490.296875,30006354476
2024-06-18,"BTC",65140.74609375,39481285950
2024-06-19,"BTC",64960.296875,21103423504
2024-06-20,"BTC",64828.65625,25641109124
2024-06-21,"BTC",64096.19921875,26188171739
2024-06-22,"BTC",64252.578125,9858198793
2024-06-23,"BTC",63180.796875,11170471802
2024-06-24,"BTC",60277.4140625,43152133651
2024-06-25,"BTC",61804.640625,29201215431
2024-06-26,"BTC",60811.27734375,22506003064
2024-06-27,"BTC",61604.80078125,21231745045
2024-06-28,"BTC",60320.13671875,24952866877
2024-06-29,"BTC",60887.37890625,12652903396
2024-06-30,"BTC",62678.29296875,17333226409
2024-07-01,"BTC",62851.98046875,25468379421
2024-07-02,"BTC",62029.015625,20151616992
2024-07-03,"BTC",60173.921875,29756701685
2024-07-04,"BTC",56977.703125,41149609230
2024-07-05,"BTC",56662.375,55417544033
2024-07-06,"BTC",58303.5390625,20610320577
2024-07-07,"BTC",55849.109375,20553359505
2024-07-08,"BTC",56705.09765625,39766159899
2024-07-09,"BTC",58009.2265625,27849512607
2024-07-10,"BTC",57742.49609375,26175260526
2024-07-11,"BTC",57344.9140625,28707803842
2024-07-12,"BTC",57899.46484375,25604805221
2024-07-13,"BTC",59231.953125,17080061806
2024-07-14,"BTC",60787.79296875,22223416061
2024-07-15,"BTC",64870.15234375,38094526099
2024-07-16,"BTC",65097.1484375,41617346768
2024-07-17,"BTC",64118.79296875,32525071311
2024-07-18,"BTC",63974.06640625,27239305337
2024-07-19,"BTC",66710.15625,37003855410
2024-07-20,"BTC",67163.6484375,19029581250
2024-07-21,"BTC",68154.5234375,26652190004
2024-07-22,"BTC",67585.25,42649109453
2024-07-23,"BTC",65927.671875,35605668666
2024-07-24,"BTC",65372.1328125,27470942309
2024-07-25,"BTC",65777.2265625,38315761670
2024-07-26,"BTC",67912.0625,30488630457
2024-07-27,"BTC",67813.3359375,34691905492
2024-07-28,"BTC",68255.8671875,18043166945
2024-07-29,"BTC",66819.9140625,40780682628
2024-07-30,"BTC",66201.015625,31380492109
2024-07-31,"BTC",64619.25,31292785994
2024-08-01,"BTC",65357.5,40975554494
2024-08-02,"BTC",61415.06640625,43060875727
2024-08-03,"BTC",60680.09375,31753030589
2024-08-04,"BTC",58116.9765625,31758917219
2024-08-05,"BTC",53991.45703125,108991085584
2024-08-06,"BTC",56034.31640625,49300484106
2024-08-07,"BTC",55027.4609375,41637562185
2024-08-08,"BTC",61710.13671875,45298472567
2024-08-09,"BTC",60880.11328125,33425553115
2024-08-10,"BTC",60945.8125,15745822278
2024-08-11,"BTC",58719.484375,22759754812
2024-08-12,"BTC",59354.515625,37078637820
2024-08-13,"BTC",60609.56640625,30327698167
2024-08-14,"BTC",58737.26953125,29961696180
2024-08-15,"BTC",57560.09765625,35682112440
2024-08-16,"BTC",58894.10546875,29350938673
2024-08-17,"BTC",59478.97265625,13589684021
2024-08-18,"BTC",58483.96484375,17740625837
2024-08-19,"BTC",59493.453125,25911207712
2024-08-20,"BTC",59012.79296875,31613400008
2024-08-21,"BTC",61175.19140625,32731154072
2024-08-22,"BTC",60381.9140625,27625734377
2024-08-23,"BTC",64094.35546875,42530509233
2024-08-24,"BTC",64178.9921875,21430585163
2024-08-25,"BTC",64333.54296875,18827683555
2024-08-26,"BTC",62880.66015625,27682040631
2024-08-27,"BTC",59504.1328125,39103882198
2024-08-28,"BTC",59027.625,40289564698
2024-08-29,"BTC",59388.1796875,32224990582
2024-08-30,"BTC",59119.4765625,32292756405
2024-08-31,"BTC",58969.8984375,12403470760
2024-09-01,"BTC",57325.48828125,24592449997
2024-09-02,"BTC",59112.48046875,27036454524
2024-09-03,"BTC",57431.0234375,26666961053
2024-09-04,"BTC",57971.5390625,35627680312
2024-09-05,"BTC",56160.48828125,31030280656
2024-09-06,"BTC",53948.75390625,49361693566
2024-09-07,"BTC",54139.6875,19061486526
2024-09-08,"BTC",54841.56640625,18268287531
2024-09-09,"BTC",57019.53515625,34618096173
2024-09-10,"BTC",57648.7109375,28857630507
2024-09-11,"BTC",57343.171875,37049062672
2024-09-12,"BTC",58127.01171875,33835707949
2024-09-13,"BTC",60571.30078125,32490528356
2024-09-14,"BTC",60005.12109375,16428405496
2024-09-15,"BTC",59182.8359375,18120960867
2024-09-16,"BTC",58192.5078125,32032822113
2024-09-17,"BTC",60308.5390625,38075570118
2024-09-18,"BTC",61649.6796875,40990702891
2024-09-19,"BTC",62940.45703125,42710252573
2024-09-20,"BTC",63192.9765625,35177164222
2024-09-21,"BTC",63394.83984375,14408616220
2024-09-22,"BTC",63648.7109375,20183348802
2024-09-23,"BTC",63329.80078125,31400285425
2024-09-24,"BTC",64301.96875,29938335243
2024-09-25,"BTC",63143.14453125,25078377700
2024-09-26,"BTC",65181.01953125,36873129847
2024-09-27,"BTC",65790.6640625,32058813449
2024-09-28,"BTC",65887.6484375,15243637984
2024-09-29,"BTC",65635.3046875,14788214575
2024-09-30,"BTC",63329.5,37112957475
2024-10-01,"BTC",60837.0078125,50220923500
2024-10-02,"BTC",60632.78515625,40762722398
2024-10-03,"BTC",60759.40234375,36106447279
2024-10-04,"BTC",62067.4765625,29585472513
2024-10-05,"BTC",62089.94921875,13305410749
2024-10-06,"BTC",62818.953125,14776233667
2024-10-07,"BTC",62236.66015625,34253562610
2024-10-08,"BTC",62131.96875,28134475157
2024-10-09,"BTC",60582.1015625,27670982363
2024-10-10,"BTC",60274.5,30452813570
2024-10-11,"BTC",62445.08984375,30327141594
2024-10-12,"BTC",63193.0234375,16744110886
2024-10-13,"BTC",62851.375,18177529690
2024-10-14,"BTC",66046.125,43706958056
2024-10-15,"BTC",67041.109375,48863870879
2024-10-16,"BTC",67612.71875,38195189534
2024-10-17,"BTC",67399.8359375,32790898511
2024-10-18,"BTC",68418.7890625,36857165014
2024-10-19,"BTC",68362.734375,14443497908
2024-10-20,"BTC",69001.703125,18975847518
2024-10-21,"BTC",67367.8515625,37498611780
2024-10-22,"BTC",67361.40625,31808472566
2024-10-23,"BTC",66432.1953125,32263980353
2024-10-24,"BTC",68161.0546875,31414428647
2024-10-25,"BTC",66642.4140625,41469984306
2024-10-26,"BTC",67014.6953125,19588098156
2024-10-27,"BTC",67929.296875,16721307878
2024-10-28,"BTC",69907.7578125,38799856657
2024-10-29,"BTC",72720.4921875,58541874402
2024-10-30,"BTC",72339.5390625,40646637831
2024-10-31,"BTC",70215.1875,40627912076
2024-11-01,"BTC",69482.46875,49989795365
2024-11-02,"BTC",69289.2734375,18184612091
2024-11-03,"BTC",68741.1171875,34868307655
2024-11-04,"BTC",67811.5078125,41184819348
2024-11-05,"BTC",69359.5625,46046889204
2024-11-06,"BTC",75639.078125,118592653963
2024-11-07,"BTC",75904.859375,63467654989
2024-11-08,"BTC",76545.4765625,55176858003
2024-11-09,"BTC",76778.8671875,29009480361
2024-11-10,"BTC",80474.1875,82570594495
2024-11-11,"BTC",88701.484375,117966845037
2024-11-12,"BTC",87955.8125,133673285375
2024-11-13,"BTC",90584.1640625,123559027869
2024-11-14,"BTC",87250.4296875,87616705248
2024-11-15,"BTC",91066.0078125,78243109518
2024-11-16,"BTC",90558.4765625,44333192814
2024-11-17,"BTC",89845.8515625,46350159305
2024-11-18,"BTC",90542.640625,75535775084
2024-11-19,"BTC",92343.7890625,74521048295
2024-11-20,"BTC",94339.4921875,71730956426
2024-11-21,"BTC",98504.7265625,106024505582
2024-11-22,"BTC",98997.6640625,78473580551
2024-11-23,"BTC",97777.28125,44414644677
2024-11-24,"BTC",98013.8203125,51712020623
2024-11-25,"BTC",93102.296875,80909462490
2024-11-26,"BTC",91985.3203125,91656519855
2024-11-27,"BTC",95962.53125,71133452438
2024-11-28,"BTC",95652.46875,52260008261
2024-11-29,"BTC",97461.5234375,54968682476
2024-11-30,"BTC",96449.0546875,31634227866
2024-12-01,"BTC",97279.7890625,36590695296
2024-12-02,"BTC",95865.3046875,72680784305
2024-12-03,"BTC",96002.1640625,67067810961
2024-12-04,"BTC",98768.53125,77199817112
2024-12-05,"BTC",96593.5703125,149218945580
2024-12-06,"BTC",99920.7109375,94534772658
2024-12-07,"BTC",99923.3359375,44177510897
2024-12-08,"BTC",101236.015625,44125751925
2024-12-09,"BTC",97432.71875,110676473908
2024-12-10,"BTC",96675.4296875,104823780634
2024-12-11,"BTC",101173.03125,85391409936
2024-12-12,"BTC",100043,72073983533
2024-12-13,"BTC",101459.2578125,56894751583
2024-12-14,"BTC",101372.96875,40422968793
2024-12-15,"BTC",104298.6953125,51145914137
2024-12-16,"BTC",106029.71875,91020417816
2024-12-17,"BTC",106140.6015625,68589364868
2024-12-18,"BTC",100041.5390625,93865656139
2024-12-19,"BTC",97490.953125,97221662392
2024-12-20,"BTC",97755.9296875,105634083408
2024-12-21,"BTC",97224.7265625,51765334294
2024-12-22,"BTC",95104.9375,43147981314
2024-12-23,"BTC",94686.2421875,65239002919
2024-12-24,"BTC",98676.09375,47114953674
2024-12-25,"BTC",99299.1953125,33700394629
2024-12-26,"BTC",95795.515625,47054980873
2024-12-27,"BTC",94164.859375,52419934565
2024-12-28,"BTC",95163.9296875,24107436185
2024-12-29,"BTC",93530.2265625,29635885267
2024-12-30,"BTC",92643.2109375,56188003691
2024-12-31,"BTC",93429.203125,43625106843
2025-01-01,"BTC",94419.7578125,24519888919
2025-01-02,"BTC",96886.875,46009564411
2025-01-03,"BTC",98107.4296875,35611391163
2025-01-04,"BTC",98236.2265625,22342608078
2025-01-05,"BTC",98314.9609375,20525254825
2025-01-06,"BTC",102078.0859375,51823432705
2025-01-07,"BTC",96922.703125,58685738547
2025-01-08,"BTC",95043.5234375,63875859171
2025-01-09,"BTC",92484.0390625,62777261693
2025-01-10,"BTC",94701.453125,62058693684
2025-01-11,"BTC",94566.59375,18860894100
2025-01-12,"BTC",94488.4375,20885130965
2025-01-13,"BTC",94516.5234375,72978998252
2025-01-14,"BTC",96534.046875,53769675818
2025-01-15,"BTC",100504.4921875,57805923627
2025-01-16,"BTC",99756.90625,54103781805
2025-01-17,"BTC",104462.0390625,71888972663
2025-01-18,"BTC",104408.0703125,50445655726
2025-01-19,"BTC",101089.609375,76789928525
2025-01-20,"BTC",102016.6640625,126279678351
2025-01-21,"BTC",106146.265625,88733878242
2025-01-22,"BTC",103653.0703125,53878181052
2025-01-23,"BTC",103960.171875,104104515428
2025-01-24,"BTC",104819.484375,52388229265
2025-01-25,"BTC",104714.6484375,23888996502
2025-01-26,"BTC",102682.5,22543395879
2025-01-27,"BTC",102087.6875,89006608428
2025-01-28,"BTC",101332.4765625,47180685494
2025-01-29,"BTC",103703.2109375,47432049818
2025-01-30,"BTC",104735.3046875,41915744521
2025-01-31,"BTC",102405.0234375,45732764360
2025-02-01,"BTC",100655.90625,27757944848
2025-02-02,"BTC",97688.9765625,63091816853
2025-02-03,"BTC",101405.421875,115400897748
2025-02-04,"BTC",97871.8203125,73002130211
2025-02-05,"BTC",96615.4453125,49125911241
2025-02-06,"BTC",96593.296875,45302471947
2025-02-07,"BTC",96529.0859375,55741290456
2025-02-08,"BTC",96482.453125,22447526395
2025-02-09,"BTC",96500.09375,27732901800
2025-02-10,"BTC",97437.5546875,40078962391
2025-02-11,"BTC",95747.4296875,37488783272
2025-02-12,"BTC",97885.859375,49340445530
2025-02-13,"BTC",96623.8671875,37147280860
2025-02-14,"BTC",97508.96875,32697987277
2025-02-15,"BTC",97580.3515625,17047266288
2025-02-16,"BTC",96175.03125,16536755396
2025-02-17,"BTC",95773.3828125,27336550690
2025-02-18,"BTC",95539.546875,37325720482
2025-02-19,"BTC",96635.609375,28990872862
2025-02-20,"BTC",98333.9375,31668022771
2025-02-21,"BTC",96125.546875,49608706470
2025-02-22,"BTC",96577.7578125,18353824477
2025-02-23,"BTC",96273.921875,16999478976
2025-02-24,"BTC",91418.171875,44046480529
2025-02-25,"BTC",88736.171875,92139104128
2025-02-26,"BTC",84347.0234375,64597492134
2025-02-27,"BTC",84704.2265625,52659591954
2025-02-28,"BTC",84373.0078125,83610570576
2025-03-01,"BTC",86031.9140625,29190628396
2025-03-02,"BTC",94248.3515625,58398341092
2025-03-03,"BTC",86065.671875,70072228536
2025-03-04,"BTC",87222.1953125,68095241474
2025-03-05,"BTC",90623.5625,50498988027
2025-03-06,"BTC",89961.7265625,47749810486
2025-03-07,"BTC",86742.671875,65945677657
2025-03-08,"BTC",86154.59375,18206118081
2025-03-09,"BTC",80601.0390625,30899345977
2025-03-10,"BTC",78532,54061099422
2025-03-11,"BTC",82862.2109375,54702837196
2025-03-12,"BTC",83722.359375,40353484454
2025-03-13,"BTC",81066.703125,31412940153
2025-03-14,"BTC",83969.1015625,29588112414
2025-03-15,"BTC",84343.109375,13650491277
2025-03-16,"BTC",82579.6875,21330270174
2025-03-17,"BTC",84075.6875,25092785558
2025-03-18,"BTC",82718.5,24095774594
2025-03-19,"BTC",86854.2265625,34931960257
2025-03-20,"BTC",84167.1953125,29028988961
2025-03-21,"BTC",84043.2421875,19030452299
2025-03-22,"BTC",83832.484375,9863214091
2025-03-23,"BTC",86054.375,12594615537
2025-03-24,"BTC",87498.9140625,34582604933
2025-03-25,"BTC",87471.703125,30005840049
2025-03-26,"BTC",86900.8828125,26704046038
2025-03-27,"BTC",87177.1015625,24413471941
2025-03-28,"BTC",84353.1484375,34198619509
2025-03-29,"BTC",82597.5859375,16969396135
2025-03-30,"BTC",82334.5234375,14763760943
2025-03-31,"BTC",82548.9140625,29004228247
2025-04-01,"BTC",85169.171875,28175650319
2025-04-02,"BTC",82485.7109375,47584398470
2025-04-03,"BTC",83102.828125,36852112080
2025-04-04,"BTC",83843.8046875,45157640207
2025-04-05,"BTC",83504.796875,14380803631
2025-04-06,"BTC",78214.484375,36294853736
2025-04-07,"BTC",79235.3359375,91262424987
2025-04-08,"BTC",76271.953125,48314590749
2025-04-09,"BTC",82573.953125,84213627038
2025-04-10,"BTC",79626.140625,44718000633
2025-04-11,"BTC",83404.8359375,41656778779
2025-04-12,"BTC",85287.109375,24258059104
2025-04-13,"BTC",83684.9765625,28796984817
2025-04-14,"BTC",84542.390625,34090769777
2025-04-15,"BTC",83668.9921875,28040322885
2025-04-16,"BTC",84033.8671875,29617804112
2025-04-17,"BTC",84895.75,21276866029
2025-04-18,"BTC",84450.8046875,12728372364
2025-04-19,"BTC",85063.4140625,15259300427
2025-04-20,"BTC",85174.3046875,14664050812
2025-04-21,"BTC",87518.90625,41396190190
2025-04-22,"BTC",93441.890625,55899038456
2025-04-23,"BTC",93699.109375,41719568821
2025-04-24,"BTC",93943.796875,31483175315
2025-04-25,"BTC",94720.5,40915232364
2025-04-26,"BTC",94646.9296875,17612825123
2025-04-27,"BTC",93754.84375,18090367764
2025-04-28,"BTC",94978.75,32363449569
2025-04-29,"BTC",94284.7890625,25806129921
2025-04-30,"BTC",94207.3125,28344679831
2025-05-01,"BTC",96492.3359375,32875889623
2025-05-02,"BTC",96910.0703125,26421924677
2025-05-03,"BTC",95891.796875,15775154889
2025-05-04,"BTC",94315.9765625,18198688416
2025-05-05,"BTC",94748.0546875,25816260327
2025-05-06,"BTC",96802.4765625,26551275827
2025-05-07,"BTC",97032.3203125,76983822462
2025-05-08,"BTC",103241.4609375,69895404397
2025-05-09,"BTC",102970.8515625,58198593958
2025-05-10,"BTC",104696.328125,42276713994
2025-05-11,"BTC",104106.359375,46285517406
2025-05-12,"BTC",102812.953125,63250475404
2025-05-13,"BTC",104169.8125,52608876410
2025-05-14,"BTC",103539.4140625,45956071155
2025-05-15,"BTC",103744.640625,50408241840
2025-05-16,"BTC",103489.2890625,44386499364
2025-05-17,"BTC",103191.0859375,37898552742
2025-05-18,"BTC",106446.0078125,49887082058
2025-05-19,"BTC",105606.1796875,61761126647
2025-05-20,"BTC",106791.0859375,36515726122
2025-05-21,"BTC",109678.078125,78086364051
2025-05-22,"BTC",111673.28125,70157575642
2025-05-23,"BTC",107287.796875,67548133399
2025-05-24,"BTC",107791.15625,45903627163
2025-05-25,"BTC",109035.390625,47518041841
2025-05-26,"BTC",109440.3671875,45950461571
2025-05-27,"BTC",108994.640625,57450176272
2025-05-28,"BTC",107802.328125,49155377493
2025-05-29,"BTC",105641.7578125,56022752042
2025-05-30,"BTC",103998.5703125,57655287183
2025-05-31,"BTC",104638.09375,38997843858
2025-06-01,"BTC",105652.1015625,37397056873
2025-06-02,"BTC",105881.53125,45819706290
2025-06-03,"BTC",105432.46875,46196508367
2025-06-04,"BTC",104731.984375,44544857105
2025-06-05,"BTC",101575.953125,57479298400
2025-06-06,"BTC",104390.34375,48856653697
2025-06-07,"BTC",105615.625,38365033776
2025-06-08,"BTC",105793.6484375,36626232328
2025-06-09,"BTC",110294.1015625,55903193732
2025-06-10,"BTC",110257.234375,54700101509
2025-06-11,"BTC",108686.625,50842662052
2025-06-12,"BTC",105929.0546875,54843867968
2025-06-13,"BTC",106090.96875,69550440846
2025-06-14,"BTC",105472.40625,38007870453
2025-06-15,"BTC",105552.0234375,36744307742
2025-06-16,"BTC",106796.7578125,50366626945
2025-06-17,"BTC",104601.1171875,55964092176
2025-06-18,"BTC",104883.328125,47318089133
2025-06-19,"BTC",104684.2890625,37333806920
2025-06-20,"BTC",103309.6015625,50951862476
2025-06-21,"BTC",102257.40625,38360555118
2025-06-22,"BTC",100987.140625,65536997201
2025-06-23,"BTC",105577.7734375,65237759656
2025-06-24,"BTC",106045.6328125,48822986421
2025-06-25,"BTC",107361.2578125,51624120283
2025-06-26,"BTC",106960,43891990613
2025-06-27,"BTC",107088.4296875,45353692675
2025-06-28,"BTC",107327.703125,30037708335
2025-06-29,"BTC",108385.5703125,35534874438
2025-06-30,"BTC",107135.3359375,42064804590
2025-07-01,"BTC",105698.28125,44110692247
2025-07-02,"BTC",108859.3203125,56248657737
2025-07-03,"BTC",109647.9765625,50494742270
2025-07-04,"BTC",108034.3359375,42616442656
2025-07-05,"BTC",108231.1796875,30615537520
2025-07-06,"BTC",109232.0703125,36746020463
2025-07-07,"BTC",108299.8515625,45415696597
2025-07-08,"BTC",108950.2734375,44282204127
2025-07-09,"BTC",111326.5546875,57927418065
2025-07-10,"BTC",115987.203125,95911605728
2025-07-11,"BTC",117516.9921875,86928361085
2025-07-12,"BTC",117435.2265625,45524560304
2025-07-13,"BTC",119116.1171875,49021091807
2025-07-14,"BTC",119849.703125,181746419401
2025-07-15,"BTC",117777.1875,98321661181
2025-07-16,"BTC",118738.5078125,72162029070
2025-07-17,"BTC",119289.84375,72363841798
2025-07-18,"BTC",118003.2265625,77945799785
2025-07-19,"BTC",117939.9765625,47564562765
2025-07-20,"BTC",117300.7890625,57515447231
2025-07-21,"BTC",117439.5390625,69820091744
2025-07-22,"BTC",119995.4140625,79217583118
2025-07-23,"BTC",118754.9609375,66608604537
2025-07-24,"BTC",118368,72627318560
2025-07-25,"BTC",117635.8828125,104857024569
2025-07-26,"BTC",117947.3671875,48508954046
2025-07-27,"BTC",119448.4921875,54683390892
2025-07-28,"BTC",117924.4765625,64822943193
2025-07-29,"BTC",117922.1484375,68463107433
2025-07-30,"BTC",117831.1875,68896148592
2025-07-31,"BTC",115758.203125,69370346018
2025-08-01,"BTC",113320.0859375,91294530181
2025-08-02,"BTC",112526.9140625,56870866000
2025-08-03,"BTC",114217.671875,48099615826
2025-08-04,"BTC",115071.8828125,35783028986
2025-08-05,"BTC",114141.4453125,61039182286
2025-08-06,"BTC",115028,56379133510
2025-08-07,"BTC",117496.8984375,64051649681
2025-08-08,"BTC",116688.7265625,59713005166
2025-08-09,"BTC",116500.359375,54004312429
2025-08-10,"BTC",119306.7578125,64755458694
2025-08-11,"BTC",118731.4453125,90528784177
2025-08-12,"BTC",120172.90625,72803657984
2025-08-13,"BTC",123344.0625,90904808795
2025-08-14,"BTC",118359.578125,104055627395
2025-08-15,"BTC",117398.3515625,68665353159
2025-08-16,"BTC",117491.3515625,48036922378
2025-08-17,"BTC",117453.0625,45852169525
2025-08-18,"BTC",116252.3125,72787808090
2025-08-19,"BTC",112831.1796875,71657600353
2025-08-20,"BTC",114274.7421875,67993811526
2025-08-21,"BTC",112419.03125,57817883700
2025-08-22,"BTC",116874.0859375,82528088240
2025-08-23,"BTC",115374.328125,55377142586
2025-08-24,"BTC",113458.4296875,73961489632
2025-08-25,"BTC",110124.3515625,85706860190
2025-08-26,"BTC",111802.65625,69396320317
2025-08-27,"BTC",111222.0625,62137056409
2025-08-28,"BTC",112544.8046875,58860155962
2025-08-29,"BTC",108410.8359375,77843379644
2025-08-30,"BTC",108808.0703125,51486264208
2025-08-31,"BTC",108236.7109375,47986191770
2025-09-01,"BTC",109250.59375,66870372995
2025-09-02,"BTC",111200.5859375,74776999491
2025-09-03,"BTC",111723.2109375,61119643565
2025-09-04,"BTC",110723.6015625,60131132901
2025-09-05,"BTC",110650.984375,60241647677
2025-09-06,"BTC",110224.6953125,21500719036
2025-09-07,"BTC",111167.6171875,24618007520
2025-09-08,"BTC",112071.4296875,40212813407
2025-09-09,"BTC",111530.546875,45984480722
2025-09-10,"BTC",113955.359375,56377473784
2025-09-11,"BTC",115507.5390625,45685065332
2025-09-12,"BTC",116101.578125,54785725894
2025-09-13,"BTC",115950.5078125,34549454947
2025-09-14,"BTC",115407.65625,32798036057
2025-09-15,"BTC",115444.875,52937859416
2025-09-16,"BTC",116843.1875,45781744593
2025-09-17,"BTC",116468.5078125,60528025996
2025-09-18,"BTC",117137.203125,49457272032
2025-09-19,"BTC",115688.859375,38828473971
2025-09-20,"BTC",115721.9609375,22864449614
2025-09-21,"BTC",115306.09375,22495852193
2025-09-22,"BTC",112748.5078125,70684158591
2025-09-23,"BTC",112014.5,47211853279
2025-09-24,"BTC",113328.6328125,48044595085
2025-09-25,"BTC",109049.2890625,75528654284
2025-09-26,"BTC",109712.828125,57738288949
2025-09-27,"BTC",109681.9453125,26308042910
2025-09-28,"BTC",112122.640625,33371048505
2025-09-29,"BTC",114400.3828125,60000147466
2025-09-30,"BTC",114056.0859375,58986330258
2025-10-01,"BTC",118648.9296875,71328680132
2025-10-02,"BTC",120681.2578125,71415163912
2025-10-03,"BTC",122266.53125,83941392228
2025-10-04,"BTC",122425.4296875,36769171735
2025-10-05,"BTC",123513.4765625,73689317763
2025-10-06,"BTC",124752.53125,72568881188
2025-10-07,"BTC",121451.3828125,76149412513
2025-10-08,"BTC",123354.8671875,65354305286
2025-10-09,"BTC",121705.5859375,74653009425
2025-10-10,"BTC",113214.3671875,153125018868
2025-10-11,"BTC",110807.8828125,110236934340
2025-10-12,"BTC",115169.765625,93710414091
2025-10-13,"BTC",115271.078125,71582026739
2025-10-14,"BTC",113118.6640625,92212917403
2025-10-15,"BTC",110783.1640625,72574132855
2025-10-16,"BTC",108186.0390625,87306423067
2025-10-17,"BTC",106467.7890625,99703051669
2025-10-18,"BTC",107198.265625,37779905278
2025-10-19,"BTC",108666.7109375,47657008953
2025-10-20,"BTC",110588.9296875,63507793085
2025-10-21,"BTC",108476.890625,101194375480
2025-10-22,"BTC",107688.5859375,80807013218
2025-10-23,"BTC",110069.7265625,54944076060
2025-10-24,"BTC",111033.921875,48160816980
2025-10-25,"BTC",111641.7265625,24707667305
2025-10-26,"BTC",114472.4453125,41708524143
2025-10-27,"BTC",114119.328125,61761358733
2025-10-28,"BTC",112956.1640625,64528066504
2025-10-29,"BTC",110055.3046875,62192043469
2025-10-30,"BTC",108305.546875,69673964814
2025-10-31,"BTC",109556.1640625,60090359560
2025-11-01,"BTC",110064.015625,25871668762
2025-11-02,"BTC",110639.625,34284209459
2025-11-03,"BTC",106547.5234375,72852006359
2025-11-04,"BTC",101590.5234375,110967184773
2025-11-05,"BTC",103891.8359375,77584934804
2025-11-06,"BTC",101301.2890625,63932752861
2025-11-07,"BTC",103372.40625,92168030081
2025-11-08,"BTC",102282.1171875,51446691095
2025-11-09,"BTC",104719.640625,59679243013
2025-11-10,"BTC",105996.59375,69585887229
2025-11-11,"BTC",102997.46875,71130078574
2025-11-12,"BTC",101663.1875,64347179408
2025-11-13,"BTC",99697.4921875,101546815416
2025-11-14,"BTC",94397.7890625,114346441890
2025-11-15,"BTC",95549.1484375,38500716654
2025-11-16,"BTC",94177.078125,71086235862
2025-11-17,"BTC",92093.875,94186165724
2025-11-18,"BTC",92948.875,101333569062
2025-11-19,"BTC",91465.9921875,80350354656
2025-11-20,"BTC",86631.8984375,97970645638
2025-11-21,"BTC",85090.6875,129157506112
2025-11-22,"BTC",84648.359375,40793099246
2025-11-23,"BTC",86805.0078125,58083435576
2025-11-24,"BTC",88270.5625,74433896110
2025-11-25,"BTC",87341.890625,64837343545
2025-11-26,"BTC",90518.3671875,66496301869
2025-11-27,"BTC",91285.375,57040622845
2025-11-28,"BTC",90919.265625,60895830289
2025-11-29,"BTC",90851.7578125,37921773455
2025-11-30,"BTC",90394.3125,38497902869
2025-12-01,"BTC",86321.5703125,87962894424
2025-12-02,"BTC",91350.203125,78546798211
2025-12-03,"BTC",93527.8046875,77650204986
2025-12-04,"BTC",92141.625,64538402681
2025-12-05,"BTC",89387.7578125,63256398633
2025-12-06,"BTC",89272.375,37994042405
2025-12-07,"BTC",90405.640625,47394898960
2025-12-08,"BTC",90640.203125,57394099056
2025-12-09,"BTC",92691.7109375,66861721440
2025-12-10,"BTC",92020.9453125,65420694513
2025-12-11,"BTC",92511.3359375,64532834621
2025-12-12,"BTC",90270.4140625,80275884583
2025-12-13,"BTC",90298.7109375,64237748110
2025-12-14,"BTC",88175.1796875,50465972205
2025-12-15,"BTC",86419.78125,45559514323
2025-12-16,"BTC",87843.984375,41262178223
2025-12-17,"BTC",86143.7578125,44243392914
2025-12-18,"BTC",85462.5078125,52667115348
2025-12-19,"BTC",88103.3828125,46733310561
2025-12-20,"BTC",88344,14688196659
2025-12-21,"BTC",88621.75,19845522660
2025-12-22,"BTC",88490.015625,38047472118
2025-12-23,"BTC",87414,43683011533
2025-12-24,"BTC",87611.9609375,25550297986
2025-12-25,"BTC",87234.7421875,19953216347
2025-12-26,"BTC",87301.4296875,42455674908
2025-12-27,"BTC",87802.15625,13741199310
2025-12-28,"BTC",87835.8359375,15156557929
2025-12-29,"BTC",87138.140625,48411625849
2025-12-30,"BTC",88430.1328125,35586356225
2025-12-31,"BTC",87508.828125,33830210616
2026-01-01,"BTC",88731.984375,18849043990
2026-01-02,"BTC",89944.6953125,46398906171
2026-01-03,"BTC",90603.1875,20774828592
2026-01-04,"BTC",91413.4921875,26770491368
2026-01-05,"BTC",93882.5546875,53376407252
2026-01-06,"BTC",93729.03125,52430605257
2026-01-07,"BTC",91308.0546875,43461295053
2026-01-08,"BTC",91027.125,42386697030
2026-01-09,"BTC",90513.1015625,38305906684
2026-01-10,"BTC",90386.6484375,12385895282
2026-01-11,"BTC",90827.4609375,17165568977
2026-01-12,"BTC",91192.9921875,41346275358
2026-01-13,"BTC",95321.78125,54980674354
2026-01-14,"BTC",96929.328125,60592490863
2026-01-15,"BTC",95551.1875,53086363027
2026-01-16,"BTC",95525.1171875,33248170537
2026-01-17,"BTC",95099.921875,16021715122
2026-01-18,"BTC",93634.4296875,20809781232
2026-01-19,"BTC",92553.59375,39195241508
2026-01-20,"BTC",88310.90625,53072968031
2026-01-21,"BTC",89376.9609375,56330422434
2026-01-22,"BTC",89462.453125,35549685694
2026-01-23,"BTC",89503.875,38997586037
2026-01-24,"BTC",89110.734375,14558687712
2026-01-25,"BTC",86572.21875,36124986722
2026-01-26,"BTC",88267.140625,45329286974
2026-01-27,"BTC",89102.5703125,38744942267
2026-01-28,"BTC",89184.5703125,39807419296
2026-01-29,"BTC",84561.5859375,64653083162
2026-01-30,"BTC",84128.65625,72083816087
2026-01-31,"BTC",78621.1171875,70479259159
2026-02-01,"BTC",76974.4453125,53372509744
2024-01-01,"ETH",2352.32788085938,6906765990
2024-01-02,"ETH",2355.83642578125,12910543630
2024-01-03,"ETH",2210.76196289062,19332933581
2024-01-04,"ETH",2269.0380859375,11044564896
2024-01-05,"ETH",2268.64721679688,10860953290
2024-01-06,"ETH",2241.62475585938,5970741680
2024-01-07,"ETH",2222.86596679688,6490053615
2024-01-08,"ETH",2333.03271484375,13830287095
2024-01-09,"ETH",2344.8271484375,14891130716
2024-01-10,"ETH",2582.103515625,29042100476
2024-01-11,"ETH",2619.619140625,22575246883
2024-01-12,"ETH",2524.46020507812,23623839263
2024-01-13,"ETH",2576.59790039062,12250316867
2024-01-14,"ETH",2472.2412109375,9405587417
2024-01-15,"ETH",2511.36376953125,9700630000
2024-01-16,"ETH",2587.69116210938,11063317095
2024-01-17,"ETH",2528.36938476562,10441017520
2024-01-18,"ETH",2467.01879882812,11900028080
2024-01-19,"ETH",2489.49853515625,11405278376
2024-01-20,"ETH",2469.58911132812,5297826161
2024-01-21,"ETH",2453.9130859375,4578471955
2024-01-22,"ETH",2310.82641601562,13923771728
2024-01-23,"ETH",2240.68603515625,16182147521
2024-01-24,"ETH",2233.56176757812,10134722960
2024-01-25,"ETH",2217.71020507812,9302247037
2024-01-26,"ETH",2267.19970703125,9975117607
2024-01-27,"ETH",2267.88598632812,5144367230
2024-01-28,"ETH",2257.20874023438,7296214994
2024-01-29,"ETH",2317.06420898438,8948195551
2024-01-30,"ETH",2344.49365234375,10173440062
2024-01-31,"ETH",2282.54443359375,10807883277
2024-02-01,"ETH",2303.82470703125,8895583113
2024-02-02,"ETH",2308.0380859375,7186143091
2024-02-03,"ETH",2296.03833007812,4647754021
2024-02-04,"ETH",2289.54614257812,5438100035
2024-02-05,"ETH",2298.88891601562,7277068110
2024-02-06,"ETH",2372.20190429688,9520885493
2024-02-07,"ETH",2423.7451171875,9660628536
2024-02-08,"ETH",2419.90649414062,9941841732
2024-02-09,"ETH",2487.515625,13634203177
2024-02-10,"ETH",2501.22827148438,6474444159
2024-02-11,"ETH",2507.57055664062,7347245813
2024-02-12,"ETH",2658.11596679688,13022696866
2024-02-13,"ETH",2642.18530273438,18271237044
2024-02-14,"ETH",2777.90234375,21448973822
2024-02-15,"ETH",2824.37890625,23734481937
2024-02-16,"ETH",2803.69140625,17057114638
2024-02-17,"ETH",2786.67260742188,17932379943
2024-02-18,"ETH",2878.998046875,23355830478
2024-02-19,"ETH",2943.57470703125,15163110589
2024-02-20,"ETH",3013.50366210938,20341598470
2024-02-21,"ETH",2970.35546875,18897136867
2024-02-22,"ETH",2971.00732421875,18058908246
2024-02-23,"ETH",2921.658203125,12822717059
2024-02-24,"ETH",2992.38598632812,10701688842
2024-02-25,"ETH",3112.697265625,14620450464
2024-02-26,"ETH",3178.99365234375,17504464351
2024-02-27,"ETH",3244.51928710938,21090315368
2024-02-28,"ETH",3385.70385742188,32885894265
2024-02-29,"ETH",3341.91967773438,28469171094
2024-03-01,"ETH",3435.05395507812,16880101987
2024-03-02,"ETH",3422.0498046875,12024340617
2024-03-03,"ETH",3490.99365234375,13643324467
2024-03-04,"ETH",3630.43383789062,26772963830
2024-03-05,"ETH",3554.96459960938,47706899137
2024-03-06,"ETH",3819.22631835938,34938642613
2024-03-07,"ETH",3874.34765625,22457177587
2024-03-08,"ETH",3892.06103515625,26135487051
2024-03-09,"ETH",3915.4189453125,11926623780
2024-03-10,"ETH",3881.19311523438,15783924355
2024-03-11,"ETH",4066.44506835938,28806262507
2024-03-12,"ETH",3980.27319335938,26917010932
2024-03-13,"ETH",4006.45703125,22028114691
2024-03-14,"ETH",3883.14038085938,25434810823
2024-03-15,"ETH",3735.22021484375,33505075433
2024-03-16,"ETH",3522.86010742188,20199855932
2024-03-17,"ETH",3642.4130859375,19938757095
2024-03-18,"ETH",3517.98510742188,21162220224
2024-03-19,"ETH",3157.6181640625,34166976701
2024-03-20,"ETH",3513.39306640625,36605316331
2024-03-21,"ETH",3492.9912109375,22213647922
2024-03-22,"ETH",3333.68798828125,20574952329
2024-03-23,"ETH",3336.59399414062,13242137554
2024-03-24,"ETH",3454.63647460938,12156660941
2024-03-25,"ETH",3590.8837890625,18603921705
2024-03-26,"ETH",3587.5048828125,18505553577
2024-03-27,"ETH",3500.115234375,18753082145
2024-03-28,"ETH",3561.2939453125,16419674157
2024-03-29,"ETH",3511.80615234375,12712701619
2024-03-30,"ETH",3507.9443359375,9389066783
2024-03-31,"ETH",3647.8564453125,10499881424
2024-04-01,"ETH",3505.03002929688,16002098681
2024-04-02,"ETH",3277.23461914062,22076539151
2024-04-03,"ETH",3311.44189453125,16010734587
2024-04-04,"ETH",3330.04052734375,14476330517
2024-04-05,"ETH",3318.88525390625,15214447092
2024-04-06,"ETH",3354.18383789062,8956926798
2024-04-07,"ETH",3453.49462890625,9931108526
2024-04-08,"ETH",3695.29272460938,19055143129
2024-04-09,"ETH",3505.16333007812,18279773833
2024-04-10,"ETH",3543.73706054688,16872482726
2024-04-11,"ETH",3505.24780273438,14076734489
2024-04-12,"ETH",3243.03491210938,22104869556
2024-04-13,"ETH",3004.900390625,29930408174
2024-04-14,"ETH",3156.94189453125,25486284994
2024-04-15,"ETH",3101.60034179688,21925843181
2024-04-16,"ETH",3084.92016601562,19441391169
2024-04-17,"ETH",2984.7275390625,17711869375
2024-04-18,"ETH",3066.02758789062,15183777035
2024-04-19,"ETH",3059.27856445312,20399982867
2024-04-20,"ETH",3157.62719726562,9918642130
2024-04-21,"ETH",3147.28857421875,9394387894
2024-04-22,"ETH",3201.65209960938,12063858733
2024-04-23,"ETH",3219.91162109375,11054442653
2024-04-24,"ETH",3139.80517578125,14000234760
2024-04-25,"ETH",3156.50952148438,13989030260
2024-04-26,"ETH",3130.16479492188,10622333862
2024-04-27,"ETH",3252.16821289062,11820785577
2024-04-28,"ETH",3262.77465820312,11379192678
2024-04-29,"ETH",3215.42895507812,15032246816
2024-04-30,"ETH",3012.28686523438,18266894653
2024-05-01,"ETH",2969.78466796875,20005057445
2024-05-02,"ETH",2988.16845703125,13163903903
2024-05-03,"ETH",3103.5419921875,12862183229
2024-05-04,"ETH",3117.57641601562,8283229638
2024-05-05,"ETH",3137.2490234375,8783447639
2024-05-06,"ETH",3062.72875976562,13008587255
2024-05-07,"ETH",3006.5771484375,11743187337
2024-05-08,"ETH",2973.6572265625,11791662158
2024-05-09,"ETH",3036.0205078125,10861947179
2024-05-10,"ETH",2909.79125976562,12278653601
2024-05-11,"ETH",2911.60205078125,6795916454
2024-05-12,"ETH",2928.70190429688,5908941395
2024-05-13,"ETH",2949.35961914062,13352264795
2024-05-14,"ETH",2881.15795898438,12444516140
2024-05-15,"ETH",3037.056640625,14666902956
2024-05-16,"ETH",2945.13110351562,13035465176
2024-05-17,"ETH",3094.11865234375,14449438097
2024-05-18,"ETH",3122.94897460938,9407051320
2024-05-19,"ETH",3071.84301757812,8747800800
2024-05-20,"ETH",3663.85546875,31228143948
2024-05-21,"ETH",3789.31274414062,37643853967
2024-05-22,"ETH",3737.2177734375,25155809461
2024-05-23,"ETH",3776.92724609375,45623656317
2024-05-24,"ETH",3726.9345703125,22257061429
2024-05-25,"ETH",3749.23657226562,10000027764
2024-05-26,"ETH",3825.8974609375,14650794791
2024-05-27,"ETH",3892.0068359375,18949181813
2024-05-28,"ETH",3840.25634765625,19846044324
2024-05-29,"ETH",3763.19653320312,17411416736
2024-05-30,"ETH",3746.849609375,15065849797
2024-05-31,"ETH",3760.02661132812,15290700646
2024-06-01,"ETH",3813.19897460938,8661024535
2024-06-02,"ETH",3780.89599609375,11126903059
2024-06-03,"ETH",3766.38916015625,14082454300
2024-06-04,"ETH",3812.51586914062,13331489271
2024-06-05,"ETH",3864.26098632812,15480034434
2024-06-06,"ETH",3811.60595703125,13606583873
2024-06-07,"ETH",3678.62915039062,18220286186
2024-06-08,"ETH",3680.94995117188,9096091805
2024-06-09,"ETH",3705.90380859375,7910768788
2024-06-10,"ETH",3666.71752929688,10377300126
2024-06-11,"ETH",3498.33056640625,19184721538
2024-06-12,"ETH",3559.61767578125,17142905351
2024-06-13,"ETH",3469.28125,14472382154
2024-06-14,"ETH",3480.27197265625,15793876596
2024-06-15,"ETH",3565.54956054688,12733651076
2024-06-16,"ETH",3620.5634765625,9878388158
2024-06-17,"ETH",3511.37890625,17838856988
2024-06-18,"ETH",3483.68139648438,21022514455
2024-06-19,"ETH",3559.34741210938,15275373778
2024-06-20,"ETH",3511.0869140625,16115123753
2024-06-21,"ETH",3516.07568359375,15933353456
2024-06-22,"ETH",3494.8134765625,7423703673
2024-06-23,"ETH",3418.61181640625,9418141333
2024-06-24,"ETH",3350.25634765625,23137744903
2024-06-25,"ETH",3395.02905273438,13235546063
2024-06-26,"ETH",3369.47729492188,11694054195
2024-06-27,"ETH",3444.80053710938,11771834016
2024-06-28,"ETH",3373.63598632812,12861158844
2024-06-29,"ETH",3372.9677734375,6584792001
2024-06-30,"ETH",3432.88916015625,8396416013
2024-07-01,"ETH",3440.34155273438,12281551839
2024-07-02,"ETH",3416.35473632812,9421757718
2024-07-03,"ETH",3292.91674804688,16121324440
2024-07-04,"ETH",3054.52197265625,20252514386
2024-07-05,"ETH",2981.5986328125,31131942647
2024-07-06,"ETH",3069.3779296875,11586293705
2024-07-07,"ETH",2929.38720703125,10857947538
2024-07-08,"ETH",3018.73193359375,22627377457
2024-07-09,"ETH",3064.03295898438,15269945822
2024-07-10,"ETH",3102.21875,14578679176
2024-07-11,"ETH",3100.33081054688,15230095766
2024-07-12,"ETH",3134.15869140625,12751638331
2024-07-13,"ETH",3177.19873046875,8565105946
2024-07-14,"ETH",3244.0791015625,10517709666
2024-07-15,"ETH",3489.552734375,18305490390
2024-07-16,"ETH",3443.51342773438,20446664416
2024-07-17,"ETH",3388.75244140625,16739123962
2024-07-18,"ETH",3426.25854492188,15035622003
2024-07-19,"ETH",3505.73486328125,17705629736
2024-07-20,"ETH",3519.29541015625,10360198325
2024-07-21,"ETH",3536.60546875,13845913681
2024-07-22,"ETH",3440.419921875,18723199034
2024-07-23,"ETH",3481.99584960938,24468405650
2024-07-24,"ETH",3336.33935546875,16040945448
2024-07-25,"ETH",3174.42724609375,25293745810
2024-07-26,"ETH",3275.95141601562,15993893521
2024-07-27,"ETH",3247.60791015625,15198233287
2024-07-28,"ETH",3271.46459960938,8959236446
2024-07-29,"ETH",3320.53930664062,18334852719
2024-07-30,"ETH",3278.66772460938,14045773047
2024-07-31,"ETH",3231.29565429688,16135380637
2024-08-01,"ETH",3201.564453125,20217639556
2024-08-02,"ETH",2986.01318359375,21400241741
2024-08-03,"ETH",2903.3857421875,17844091431
2024-08-04,"ETH",2686.39892578125,21139601426
2024-08-05,"ETH",2417.20629882812,67668132244
2024-08-06,"ETH",2458.72387695312,26041995921
2024-08-07,"ETH",2336.58935546875,24264218606
2024-08-08,"ETH",2683.35278320312,23468291180
2024-08-09,"ETH",2599.5986328125,17907141655
2024-08-10,"ETH",2610.02294921875,9361014219
2024-08-11,"ETH",2553.25219726562,13595441987
2024-08-12,"ETH",2724.43188476562,21653090666
2024-08-13,"ETH",2703.671875,16383053029
2024-08-14,"ETH",2662.91479492188,15825365408
2024-08-15,"ETH",2570.08764648438,16345801912
2024-08-16,"ETH",2593.1865234375,13275561555
2024-08-17,"ETH",2614.546875,6676568717
2024-08-18,"ETH",2613.35717773438,9207267415
2024-08-19,"ETH",2637.30639648438,11968963282
2024-08-20,"ETH",2573.10693359375,13249483464
2024-08-21,"ETH",2631.3955078125,12766015263
2024-08-22,"ETH",2622.95141601562,10723280428
2024-08-23,"ETH",2764.44702148438,16857181970
2024-08-24,"ETH",2769.3896484375,11765811307
2024-08-25,"ETH",2749.15771484375,9375535539
2024-08-26,"ETH",2681.34057617188,12282035835
2024-08-27,"ETH",2458.7265625,18028996056
2024-08-28,"ETH",2528.41552734375,20359545410
2024-08-29,"ETH",2528.79272460938,13946434277
2024-08-30,"ETH",2525.82202148438,15526218255
2024-08-31,"ETH",2513.39379882812,6646876013
2024-09-01,"ETH",2427.90234375,11800443265
2024-09-02,"ETH",2538.18725585938,12520444224
2024-09-03,"ETH",2420.60375976562,11406800197
2024-09-04,"ETH",2448.97705078125,16709600747
2024-09-05,"ETH",2367.73754882812,13632325040
2024-09-06,"ETH",2223.87646484375,25825618367
2024-09-07,"ETH",2274.10717773438,11124608320
2024-09-08,"ETH",2297.29296875,10718443487
2024-09-09,"ETH",2358.48217773438,15887712451
2024-09-10,"ETH",2389.5810546875,12795818970
2024-09-11,"ETH",2339.84155273438,15355180967
2024-09-12,"ETH",2361.78173828125,12162634681
2024-09-13,"ETH",2441.60717773438,13759640866
2024-09-14,"ETH",2418.595703125,8170291680
2024-09-15,"ETH",2320.89721679688,10155470375
2024-09-16,"ETH",2295.28369140625,16819033263
2024-09-17,"ETH",2341.70776367188,15356783863
2024-09-18,"ETH",2369.72900390625,18159056422
2024-09-19,"ETH",2464.75219726562,18437147349
2024-09-20,"ETH",2561.07202148438,19112788620
2024-09-21,"ETH",2615.85717773438,10797825021
2024-09-22,"ETH",2582.86254882812,13180663011
2024-09-23,"ETH",2648.54638671875,19912841456
2024-09-24,"ETH",2654.35498046875,16658812503
2024-09-25,"ETH",2579.388671875,14119729962
2024-09-26,"ETH",2632.19995117188,17336033595
2024-09-27,"ETH",2695.90063476562,17023020294
2024-09-28,"ETH",2677.5390625,10252590559
2024-09-29,"ETH",2659.34692382812,11126215671
2024-09-30,"ETH",2603.06274414062,17826446789
2024-10-01,"ETH",2448.92114257812,25482371785
2024-10-02,"ETH",2365.23168945312,20148256472
2024-10-03,"ETH",2349.79125976562,18051447791
2024-10-04,"ETH",2414.7939453125,14879264082
2024-10-05,"ETH",2415.6318359375,8152969183
2024-10-06,"ETH",2439.95776367188,8458690205
2024-10-07,"ETH",2421.79663085938,17414044416
2024-10-08,"ETH",2439.8408203125,14067361080
2024-10-09,"ETH",2368.28344726562,14954047093
2024-10-10,"ETH",2383.85791015625,15327769940
2024-10-11,"ETH",2436.51342773438,13489061564
2024-10-12,"ETH",2476.52319335938,9372169184
2024-10-13,"ETH",2467.67700195312,9189490605
2024-10-14,"ETH",2628.89990234375,21434687898
2024-10-15,"ETH",2606.02197265625,22003780898
2024-10-16,"ETH",2611.10205078125,17012396419
2024-10-17,"ETH",2604.2734375,15150712321
2024-10-18,"ETH",2641.55224609375,17043738652
2024-10-19,"ETH",2648.65698242188,8557834553
2024-10-20,"ETH",2746.36401367188,14559296242
2024-10-21,"ETH",2665.71215820312,17328615363
2024-10-22,"ETH",2620.19750976562,15541911074
2024-10-23,"ETH",2509.09887695312,17876984551
2024-10-24,"ETH",2534.49853515625,16128627601
2024-10-25,"ETH",2435.93408203125,22560233078
2024-10-26,"ETH",2479.60327148438,13597102184
2024-10-27,"ETH",2505.94067382812,9801434566
2024-10-28,"ETH",2565.34814453125,18971841402
2024-10-29,"ETH",2637.95751953125,22185845095
2024-10-30,"ETH",2657.37255859375,22382690746
2024-10-31,"ETH",2515.79931640625,19760409505
2024-11-01,"ETH",2511.88549804688,20215438328
2024-11-02,"ETH",2491.06860351562,9639457439
2024-11-03,"ETH",2456.42529296875,15667779706
2024-11-04,"ETH",2397.0263671875,17110200696
2024-11-05,"ETH",2422.65063476562,17894057485
2024-11-06,"ETH",2724.16918945312,41887574364
2024-11-07,"ETH",2895.58544921875,35352318438
2024-11-08,"ETH",2962.29663085938,32303261101
2024-11-09,"ETH",3131.14453125,29210133088
2024-11-10,"ETH",3191.33129882812,47418730187
2024-11-11,"ETH",3374.81298828125,55417771668
2024-11-12,"ETH",3246.25732421875,56686078066
2024-11-13,"ETH",3192.59594726562,52010205682
2024-11-14,"ETH",3058.94873046875,35743352141
2024-11-15,"ETH",3103.04052734375,32701369872
2024-11-16,"ETH",3133.27392578125,26650658846
2024-11-17,"ETH",3075.66162109375,28348163224
2024-11-18,"ETH",3207.8564453125,35445557613
2024-11-19,"ETH",3111.38403320312,29823634432
2024-11-20,"ETH",3072.18798828125,29785491216
2024-11-21,"ETH",3361.05395507812,51619069348
2024-11-22,"ETH",3331.60083007812,36775716442
2024-11-23,"ETH",3396.22338867188,38835184688
2024-11-24,"ETH",3363.65991210938,27901454185
2024-11-25,"ETH",3413.5439453125,51544793988
2024-11-26,"ETH",3326.51733398438,39902959158
2024-11-27,"ETH",3657.24926757812,43383987191
2024-11-28,"ETH",3579.8115234375,32362724276
2024-11-29,"ETH",3593.49438476562,27622629486
2024-11-30,"ETH",3705.70532226562,30670867436
2024-12-01,"ETH",3711.1650390625,28018113530
2024-12-02,"ETH",3644.19848632812,47284967570
2024-12-03,"ETH",3620.71166992188,36839829742
2024-12-04,"ETH",3841.3310546875,56799745752
2024-12-05,"ETH",3811.00830078125,60568296606
2024-12-06,"ETH",4005.810546875,52853668566
2024-12-07,"ETH",4002.69262695312,22574636761
2024-12-08,"ETH",4005.70458984375,20943378971
2024-12-09,"ETH",3718.6904296875,57029832059
2024-12-10,"ETH",3631.83374023438,58416417599
2024-12-11,"ETH",3832.82202148438,35968053196
2024-12-12,"ETH",3883.1015625,42971675764
2024-12-13,"ETH",3911.20532226562,34895127659
2024-12-14,"ETH",3868.4052734375,28756190559
2024-12-15,"ETH",3951.94116210938,25069616984
2024-12-16,"ETH",3987.48095703125,46536359669
2024-12-17,"ETH",3886.76611328125,35418700472
2024-12-18,"ETH",3618.79125976562,48946681636
2024-12-19,"ETH",3417.92797851562,58879190250
2024-12-20,"ETH",3472.55346679688,66383827229
2024-12-21,"ETH",3337.22241210938,31579389836
2024-12-22,"ETH",3277.53515625,24780768375
2024-12-23,"ETH",3415.78540039062,34496081389
2024-12-24,"ETH",3492.0498046875,23083678195
2024-12-25,"ETH",3493.2353515625,17651873225
2024-12-26,"ETH",3331.22583007812,22247726776
2024-12-27,"ETH",3328.9169921875,24091627403
2024-12-28,"ETH",3397.90234375,14305648523
2024-12-29,"ETH",3349.51342773438,13440907792
2024-12-30,"ETH",3356.392578125,26981583962
2024-12-31,"ETH",3332.53173828125,20845452085
2025-01-01,"ETH",3353.50415039062,14195410493
2025-01-02,"ETH",3451.392578125,22243574698
2025-01-03,"ETH",3605.009765625,21877299255
2025-01-04,"ETH",3657.70678710938,16060610759
2025-01-05,"ETH",3634.10375976562,12830306908
2025-01-06,"ETH",3688.611328125,23973574043
2025-01-07,"ETH",3381.57739257812,32235312545
2025-01-08,"ETH",3326.32934570312,34337730882
2025-01-09,"ETH",3219.4306640625,28815726276
2025-01-10,"ETH",3267.48999023438,26503845190
2025-01-11,"ETH",3282.2177734375,11772144561
2025-01-12,"ETH",3265.951171875,11647743556
2025-01-13,"ETH",3135.49975585938,39911742769
2025-01-14,"ETH",3223.6845703125,22847737224
2025-01-15,"ETH",3450.53759765625,25991614661
2025-01-16,"ETH",3308.34521484375,26395516475
2025-01-17,"ETH",3474.10717773438,28200207229
2025-01-18,"ETH",3305.78955078125,32420094038
2025-01-19,"ETH",3208.96435546875,57242875399
2025-01-20,"ETH",3278.03540039062,52383187336
2025-01-21,"ETH",3327.40625,32804001146
2025-01-22,"ETH",3240.224609375,22171220981
2025-01-23,"ETH",3334.71411132812,32419520084
2025-01-24,"ETH",3309.55493164062,25578325671
2025-01-25,"ETH",3317.26953125,13744316078
2025-01-26,"ETH",3236.13427734375,14471528757
2025-01-27,"ETH",3178.92041015625,39412486482
2025-01-28,"ETH",3077.11254882812,20718206194
2025-01-29,"ETH",3112.9990234375,22727786058
2025-01-30,"ETH",3247.78002929688,19958405782
2025-01-31,"ETH",3298.26513671875,30128115902
2025-02-01,"ETH",3118.32861328125,19917507079
2025-02-02,"ETH",2868.69287109375,42060930305
2025-02-03,"ETH",2884.56665039062,92453553253
2025-02-04,"ETH",2735.05126953125,48795275985
2025-02-05,"ETH",2787.77905273438,31960764447
2025-02-06,"ETH",2688.40087890625,29500645692
2025-02-07,"ETH",2622.21118164062,29526663418
2025-02-08,"ETH",2632.30834960938,17059263074
2025-02-09,"ETH",2628.72119140625,17517088276
2025-02-10,"ETH",2661.16674804688,19414208113
2025-02-11,"ETH",2602.78198242188,21156550492
2025-02-12,"ETH",2736.90209960938,26919387954
2025-02-13,"ETH",2675.90258789062,19481004625
2025-02-14,"ETH",2726.09155273438,17732289901
2025-02-15,"ETH",2693.55981445312,10803019357
2025-02-16,"ETH",2663.31591796875,10593602117
2025-02-17,"ETH",2743.19970703125,24170425078
2025-02-18,"ETH",2669.3388671875,23004152928
2025-02-19,"ETH",2715.77099609375,15272401903
2025-02-20,"ETH",2740.38647460938,15917259320
2025-02-21,"ETH",2659.65551757812,31441524621
2025-02-22,"ETH",2764.029296875,16403164397
2025-02-23,"ETH",2821.31030273438,20493767269
2025-02-24,"ETH",2513.8212890625,29127380459
2025-02-25,"ETH",2493.59252929688,40044790246
2025-02-26,"ETH",2331.45263671875,28815111323
2025-02-27,"ETH",2305.484375,24286213447
2025-02-28,"ETH",2237.9052734375,35737904667
2025-03-01,"ETH",2216.64331054688,16135258239
2025-03-02,"ETH",2519.69458007812,34854193845
2025-03-03,"ETH",2145.57397460938,31473561910
2025-03-04,"ETH",2170.01513671875,33935738380
2025-03-05,"ETH",2241.97729492188,22105432727
2025-03-06,"ETH",2202.47680664062,18509069102
2025-03-07,"ETH",2138.98754882812,22425792863
2025-03-08,"ETH",2201.51025390625,10533204814
2025-03-09,"ETH",2015.50915527344,16103964994
2025-03-10,"ETH",1861.1513671875,35005066442
2025-03-11,"ETH",1919.84497070312,30898385863
2025-03-12,"ETH",1908.98266601562,22898872951
2025-03-13,"ETH",1862.96960449219,17977225564
2025-03-14,"ETH",1909.46752929688,12122715282
2025-03-15,"ETH",1937.39465332031,6456484591
2025-03-16,"ETH",1887.43505859375,9292997638
2025-03-17,"ETH",1927.0029296875,10436892087
2025-03-18,"ETH",1932.54345703125,10170844746
2025-03-19,"ETH",2057.7490234375,20065206266
2025-03-20,"ETH",1982.09985351562,13217865782
2025-03-21,"ETH",1964.84753417969,9708125480
2025-03-22,"ETH",1980.03784179688,6117036512
2025-03-23,"ETH",2005.29919433594,7522339707
2025-03-24,"ETH",2077.47900390625,14044912402
2025-03-25,"ETH",2067.76416015625,11735658914
2025-03-26,"ETH",2009.18933105469,13178523590
2025-03-27,"ETH",2002.357421875,11593274543
2025-03-28,"ETH",1895.5029296875,18160526498
2025-03-29,"ETH",1827.3203125,12194771785
2025-03-30,"ETH",1806.21862792969,9854857162
2025-03-31,"ETH",1823.47998046875,15765030938
2025-04-01,"ETH",1905.49145507812,15001220420
2025-04-02,"ETH",1795.31323242188,22593742104
2025-04-03,"ETH",1815.63720703125,16450974373
2025-04-04,"ETH",1815.33520507812,18061720814
2025-04-05,"ETH",1805.97326660156,6374712479
2025-04-06,"ETH",1576.72802734375,22154445576
2025-04-07,"ETH",1555.24096679688,46073959047
2025-04-08,"ETH",1472.55310058594,21315312919
2025-04-09,"ETH",1668.0400390625,39252195855
2025-04-10,"ETH",1522.51879882812,21379604307
2025-04-11,"ETH",1567.14978027344,14871838813
2025-04-12,"ETH",1643.52856445312,12110995013
2025-04-13,"ETH",1596.68579101562,13909890792
2025-04-14,"ETH",1622.76989746094,16518325094
2025-04-15,"ETH",1588.63244628906,13175452875
2025-04-16,"ETH",1578.10534667969,15339621551
2025-04-17,"ETH",1582.54833984375,11312160796
2025-04-18,"ETH",1588.92468261719,7123507323
2025-04-19,"ETH",1612.9228515625,7168138700
2025-04-20,"ETH",1587.51428222656,7642784469
2025-04-21,"ETH",1579.73449707031,15403785611
2025-04-22,"ETH",1757.33166503906,23747917555
2025-04-23,"ETH",1796.10424804688,22904644756
2025-04-24,"ETH",1769.83166503906,15207402759
2025-04-25,"ETH",1786.63452148438,17459399281
2025-04-26,"ETH",1821.88110351562,11926379867
2025-04-27,"ETH",1792.86499023438,11321944113
2025-04-28,"ETH",1798.85180664062,17043640437
2025-04-29,"ETH",1799.17565917969,14734257744
2025-04-30,"ETH",1793.775390625,14810431362
2025-05-01,"ETH",1839.22155761719,15861442721
2025-05-02,"ETH",1842.70788574219,13570171872
2025-05-03,"ETH",1833.83972167969,8344452620
2025-05-04,"ETH",1808.59423828125,8918979887
2025-05-05,"ETH",1819.69750976562,11389336489
2025-05-06,"ETH",1815.08752441406,13206516310
2025-05-07,"ETH",1811.60668945312,50540755039
2025-05-08,"ETH",2206.5146484375,37777245241
2025-05-09,"ETH",2345.50732421875,43766026875
2025-05-10,"ETH",2582.42260742188,30265913403
2025-05-11,"ETH",2510.23779296875,26496368543
2025-05-12,"ETH",2496.39770507812,32121858921
2025-05-13,"ETH",2680.12963867188,33528741590
2025-05-14,"ETH",2610.06323242188,26602676588
2025-05-15,"ETH",2546.85693359375,26637688883
2025-05-16,"ETH",2536.29760742188,21298907763
2025-05-17,"ETH",2475.75439453125,18830706230
2025-05-18,"ETH",2498.23364257812,25005164865
2025-05-19,"ETH",2529.16674804688,27351331811
2025-05-20,"ETH",2524.17309570312,23453322578
2025-05-21,"ETH",2552.34716796875,31952904125
2025-05-22,"ETH",2664.15698242188,26596978352
2025-05-23,"ETH",2526.44189453125,30536501878
2025-05-24,"ETH",2530.64624023438,11380899856
2025-05-25,"ETH",2551.76391601562,14556431364
2025-05-26,"ETH",2564.13842773438,14936610009
2025-05-27,"ETH",2663.06982421875,26264200536
2025-05-28,"ETH",2682.212890625,19087366068
2025-05-29,"ETH",2632.65478515625,27567479811
2025-05-30,"ETH",2529.94360351562,24599403943
2025-05-31,"ETH",2529.08740234375,13992843765
2025-06-01,"ETH",2536.26635742188,13287852482
2025-06-02,"ETH",2607.09741210938,16744168824
2025-06-03,"ETH",2593.2802734375,18291179016
2025-06-04,"ETH",2608.64306640625,18621211035
2025-06-05,"ETH",2416.28564453125,26194462737
2025-06-06,"ETH",2477.19482421875,19407449565
2025-06-07,"ETH",2526.50537109375,11664303387
2025-06-08,"ETH",2510.787109375,12097170203
2025-06-09,"ETH",2681.51708984375,20605172560
2025-06-10,"ETH",2813.517578125,35555755055
2025-06-11,"ETH",2773.529296875,30705408054
2025-06-12,"ETH",2651.79516601562,25924959613
2025-06-13,"ETH",2579.48608398438,37986747138
2025-06-14,"ETH",2533.44409179688,14285000473
2025-06-15,"ETH",2546.83715820312,13961893828
2025-06-16,"ETH",2540.60498046875,22792449577
2025-06-17,"ETH",2510.76147460938,25653232897
2025-06-18,"ETH",2524.30151367188,19873957905
2025-06-19,"ETH",2521.65356445312,12782730709
2025-06-20,"ETH",2407.30419921875,22592586688
2025-06-21,"ETH",2300.49560546875,16108791762
2025-06-22,"ETH",2228.21313476562,28458151601
2025-06-23,"ETH",2421.82495117188,26247439429
2025-06-24,"ETH",2448.0087890625,19539047009
2025-06-25,"ETH",2419.31030273438,17158118625
2025-06-26,"ETH",2416.14672851562,18300413888
2025-06-27,"ETH",2423.86694335938,15309834970
2025-06-28,"ETH",2437.109375,8273074809
2025-06-29,"ETH",2500.9599609375,12500580479
2025-06-30,"ETH",2486.46435546875,16859727663
2025-07-01,"ETH",2405.79272460938,15025451796
2025-07-02,"ETH",2571.33544921875,22792512025
2025-07-03,"ETH",2591.00732421875,20873559425
2025-07-04,"ETH",2508.51831054688,17222740209
2025-07-05,"ETH",2517.28002929688,9289382302
2025-07-06,"ETH",2571.23657226562,13190436110
2025-07-07,"ETH",2543.01318359375,18440266947
2025-07-08,"ETH",2615.505859375,17537487206
2025-07-09,"ETH",2770.77758789062,27229452849
2025-07-10,"ETH",2954.84521484375,33929201261
2025-07-11,"ETH",2957.88623046875,36226558863
2025-07-12,"ETH",2942.91162109375,16317198254
2025-07-13,"ETH",2973.35888671875,17361753131
2025-07-14,"ETH",3013.35083007812,36349290556
2025-07-15,"ETH",3139.8896484375,39013656112
2025-07-16,"ETH",3371.5068359375,46771354461
2025-07-17,"ETH",3476.78442382812,47532846793
2025-07-18,"ETH",3549.01635742188,59198465810
2025-07-19,"ETH",3595.27368164062,26031719746
2025-07-20,"ETH",3759.47143554688,44600451066
2025-07-21,"ETH",3763.37133789062,42611467663
2025-07-22,"ETH",3749.1455078125,45248868820
2025-07-23,"ETH",3629.70361328125,41283228953
2025-07-24,"ETH",3708.00561523438,40377960354
2025-07-25,"ETH",3727.26684570312,42264509577
2025-07-26,"ETH",3741.39599609375,24635287361
2025-07-27,"ETH",3875.24658203125,28897450394
2025-07-28,"ETH",3787.42578125,35831336149
2025-07-29,"ETH",3793.45483398438,35540435995
2025-07-30,"ETH",3808.20166015625,34392494235
2025-07-31,"ETH",3696.70776367188,32839839444
2025-08-01,"ETH",3488.36596679688,46261558200
2025-08-02,"ETH",3392.7412109375,30165065282
2025-08-03,"ETH",3497.37915039062,19363593865
2025-08-04,"ETH",3718.98608398438,30905749658
2025-08-05,"ETH",3611.8994140625,32778742296
2025-08-06,"ETH",3683.92065429688,26924415763
2025-08-07,"ETH",3914.32592773438,38627826066
2025-08-08,"ETH",4009.84887695312,45460293892
2025-08-09,"ETH",4263.59912109375,45279715746
2025-08-10,"ETH",4254.2177734375,36173931367
2025-08-11,"ETH",4226.966796875,49989853803
2025-08-12,"ETH",4590.9248046875,57237189036
2025-08-13,"ETH",4756.27587890625,62550014642
2025-08-14,"ETH",4548.16650390625,75681632806
2025-08-15,"ETH",4439.98876953125,55445715824
2025-08-16,"ETH",4426.18017578125,26816931514
2025-08-17,"ETH",4473.271484375,31348101438
2025-08-18,"ETH",4312.5048828125,53518423360
2025-08-19,"ETH",4073.46411132812,50440367102
2025-08-20,"ETH",4334.50048828125,49577862965
2025-08-21,"ETH",4223.2099609375,33618359942
2025-08-22,"ETH",4831.3486328125,75965521535
2025-08-23,"ETH",4776.09033203125,36503623278
2025-08-24,"ETH",4779.6474609375,52405003873
2025-08-25,"ETH",4372.98779296875,63936163545
2025-08-26,"ETH",4600.4267578125,53829747706
2025-08-27,"ETH",4503.39306640625,43509902322
2025-08-28,"ETH",4507.177734375,36045274078
2025-08-29,"ETH",4360.15283203125,46899991962
2025-08-30,"ETH",4374.1533203125,25883112278
2025-08-31,"ETH",4390.01904296875,26683044984
2025-09-01,"ETH",4314.47021484375,37530746508
2025-09-02,"ETH",4325.36572265625,39884692334
2025-09-03,"ETH",4450.38916015625,35260873497
2025-09-04,"ETH",4298.744140625,34919798552
2025-09-05,"ETH",4306.98876953125,44163736676
2025-09-06,"ETH",4274.2421875,18108246446
2025-09-07,"ETH",4305.34765625,17426783536
2025-09-08,"ETH",4308.072265625,32277142378
2025-09-09,"ETH",4309.04150390625,30703320925
2025-09-10,"ETH",4349.14599609375,39521365146
2025-09-11,"ETH",4461.2333984375,35959212991
2025-09-12,"ETH",4715.24609375,43839753626
2025-09-13,"ETH",4668.1796875,34843845977
2025-09-14,"ETH",4609.59765625,28394160275
2025-09-15,"ETH",4526.8203125,40224062009
2025-09-16,"ETH",4503.564453125,32761501436
2025-09-17,"ETH",4592.7333984375,44120899417
2025-09-18,"ETH",4589.9189453125,33497259158
2025-09-19,"ETH",4470.9169921875,30352619653
2025-09-20,"ETH",4482.265625,18056494322
2025-09-21,"ETH",4451.3291015625,19330306133
2025-09-22,"ETH",4202.87744140625,58221334533
2025-09-23,"ETH",4165.50390625,32460075911
2025-09-24,"ETH",4153.46923828125,33538388785
2025-09-25,"ETH",3868.333984375,68963092031
2025-09-26,"ETH",4035.88793945312,47873508328
2025-09-27,"ETH",4018.658203125,20382555776
2025-09-28,"ETH",4141.4765625,24631307054
2025-09-29,"ETH",4217.341796875,38560429932
2025-09-30,"ETH",4145.95751953125,37679153330
2025-10-01,"ETH",4351.1123046875,46161664723
2025-10-02,"ETH",4487.923828125,48074066058
2025-10-03,"ETH",4514.87060546875,49603450230
2025-10-04,"ETH",4489.197265625,21832270764
2025-10-05,"ETH",4515.4228515625,44880806324
2025-10-06,"ETH",4687.771484375,44992456374
2025-10-07,"ETH",4451.15185546875,54879425294
2025-10-08,"ETH",4527.64794921875,40456628235
2025-10-09,"ETH",4369.1435546875,47903074596
2025-10-10,"ETH",3843.0087890625,97736621123
2025-10-11,"ETH",3750.61157226562,62475475938
2025-10-12,"ETH",4164.427734375,61216174681
2025-10-13,"ETH",4245.4677734375,50253782420
2025-10-14,"ETH",4125.412109375,67094148347
2025-10-15,"ETH",3987.45947265625,50462889453
2025-10-16,"ETH",3894.75439453125,49147390731
2025-10-17,"ETH",3832.55883789062,57404271888
2025-10-18,"ETH",3890.34619140625,23815676385
2025-10-19,"ETH",3984.64965820312,32870655221
2025-10-20,"ETH",3980.76025390625,40224612563
2025-10-21,"ETH",3876.76416015625,49960290350
2025-10-22,"ETH",3808.12231445312,46173305673
2025-10-23,"ETH",3856.0263671875,36361652714
2025-10-24,"ETH",3934.5673828125,34090708715
2025-10-25,"ETH",3953.47094726562,15245229017
2025-10-26,"ETH",4157.9892578125,29120786315
2025-10-27,"ETH",4120.1220703125,40271333201
2025-10-28,"ETH",3982.26245117188,39684155177
2025-10-29,"ETH",3903.35302734375,35255876156
2025-10-30,"ETH",3804.37524414062,39981939289
2025-10-31,"ETH",3847.08032226562,37800100395
2025-11-01,"ETH",3874.18798828125,17490279524
2025-11-02,"ETH",3911.06323242188,20479611654
2025-11-03,"ETH",3602.30810546875,53091469560
2025-11-04,"ETH",3292.57446289062,76827517773
2025-11-05,"ETH",3425.17114257812,46955882330
2025-11-06,"ETH",3312.2578125,36731850433
2025-11-07,"ETH",3435.30102539062,42609994022
2025-11-08,"ETH",3400.3759765625,23613870398
2025-11-09,"ETH",3582.62133789062,28821543888
2025-11-10,"ETH",3568.4599609375,35638045619
2025-11-11,"ETH",3415.2822265625,39734688531
2025-11-12,"ETH",3413.09423828125,34898956623
2025-11-13,"ETH",3232.75708007812,50283416669
2025-11-14,"ETH",3103.78564453125,47003809463
2025-11-15,"ETH",3166.63134765625,19932940649
2025-11-16,"ETH",3092.84741210938,30987886524
2025-11-17,"ETH",3024.53881835938,41026793235
2025-11-18,"ETH",3122.97900390625,41581494270
2025-11-19,"ETH",3023.07080078125,40229739844
2025-11-20,"ETH",2831.77758789062,43917885207
2025-11-21,"ETH",2765.69921875,51476486049
2025-11-22,"ETH",2767.607421875,15408928941
2025-11-23,"ETH",2801.67602539062,20358404499
2025-11-24,"ETH",2952.71337890625,32491657389
2025-11-25,"ETH",2957.93627929688,23336017779
2025-11-26,"ETH",3027.81201171875,21433162961
2025-11-27,"ETH",3014.54223632812,16972780500
2025-11-28,"ETH",3032.30444335938,20659958964
2025-11-29,"ETH",2991.68530273438,12775481230
2025-11-30,"ETH",2992.11254882812,11530446514
2025-12-01,"ETH",2800.18896484375,36679598313
2025-12-02,"ETH",2997.93969726562,26593645111
2025-12-03,"ETH",3191.57177734375,29949301036
2025-12-04,"ETH",3134.31640625,27434991113
2025-12-05,"ETH",3024.43286132812,28000268228
2025-12-06,"ETH",3040.20776367188,10962819760
2025-12-07,"ETH",3061.3017578125,20383496376
2025-12-08,"ETH",3125.19799804688,25262165670
2025-12-09,"ETH",3321.11499023438,32012553374
2025-12-10,"ETH",3325.39013671875,30694387989
2025-12-11,"ETH",3237.05688476562,29066243707
2025-12-12,"ETH",3084.17260742188,24391003174
2025-12-13,"ETH",3116.6953125,9916869400
2025-12-14,"ETH",3060.5947265625,15619543350
2025-12-15,"ETH",2964.18310546875,28765976892
2025-12-16,"ETH",2964.18090820312,22709189818
2025-12-17,"ETH",2831.40356445312,26159825528
2025-12-18,"ETH",2827.06909179688,29194181349
2025-12-19,"ETH",2977.970703125,27870687989
2025-12-20,"ETH",2977.58251953125,7612418215
2025-12-21,"ETH",3001.61376953125,11178096676
2025-12-22,"ETH",3006.07373046875,20342034264
2025-12-23,"ETH",2963.3740234375,21453213168
2025-12-24,"ETH",2945.59057617188,13984770325
2025-12-25,"ETH",2903.57958984375,11828871179
2025-12-26,"ETH",2925.74560546875,18562196049
2025-12-27,"ETH",2947.99829101562,7378783299
2025-12-28,"ETH",2948.56811523438,9227601389
2025-12-29,"ETH",2934.53833007812,25957694515
2025-12-30,"ETH",2971.41674804688,18816704381
2025-12-31,"ETH",2967.03759765625,16451891101
2026-01-01,"ETH",3000.39428710938,10268796662
2026-01-02,"ETH",3124.42260742188,25242778003
2026-01-03,"ETH",3125.91748046875,11460707919
2026-01-04,"ETH",3140.71044921875,13890479323
2026-01-05,"ETH",3226.13037109375,27211995956
2026-01-06,"ETH",3295.94677734375,27853981622
2026-01-07,"ETH",3166.84399414062,22665982583
2026-01-08,"ETH",3104.38256835938,22760237888
2026-01-09,"ETH",3083.04711914062,18879517395
2026-01-10,"ETH",3082.39599609375,6960662969
2026-01-11,"ETH",3118.88525390625,10497219711
2026-01-12,"ETH",3092.3251953125,21152711365
2026-01-13,"ETH",3322.09545898438,27237310134
2026-01-14,"ETH",3354.72265625,33926411912
2026-01-15,"ETH",3317.10131835938,27598686935
2026-01-16,"ETH",3295.48217773438,22732887284
2026-01-17,"ETH",3308.8642578125,11206492253
2026-01-18,"ETH",3281.15771484375,13557863288
2026-01-19,"ETH",3186.62109375,27956112545
2026-01-20,"ETH",2935.60571289062,32985301273
2026-01-21,"ETH",2978.90112304688,35797876195
2026-01-22,"ETH",2949.63330078125,21993593333
2026-01-23,"ETH",2953.25634765625,22417700837
2026-01-24,"ETH",2948.74072265625,8198666763
2026-01-25,"ETH",2815.90234375,22414089670
2026-01-26,"ETH",2926.45703125,29668620102
2026-01-27,"ETH",3022.2109375,27976005223
2026-01-28,"ETH",3006.607421875,21751566455
2026-01-29,"ETH",2818.23266601562,37487198041
2026-01-30,"ETH",2702.37524414062,41877689970
2026-01-31,"ETH",2445.091796875,47569532203
2026-02-01,"ETH",2267.96484375,40358630560
