"Date","Total_Stable_Cap"
2019-01-01,418703521
2019-01-02,426564735
2019-01-03,441434209
2019-01-04,445431052
2019-01-05,656909286
2019-01-06,657861456
2019-01-07,668087067
2019-01-08,678079079
2019-01-09,686145503
2019-01-10,703514342
2019-01-11,705507303
2019-01-12,714602946
2019-01-13,724437741
2019-01-14,731674142
2019-01-15,731738123
2019-01-16,729362227
2019-01-17,686093928
2019-01-18,686127155
2019-01-19,693185573
2019-01-20,697968355
2019-01-21,697915422
2019-01-22,699320589
2019-01-23,702324563
2019-01-24,683428650
2019-01-25,694331097
2019-01-26,695918449
2019-01-27,694057902
2019-01-28,699972824
2019-01-29,684559282
2019-01-30,679941688
2019-01-31,677980074
2019-02-01,656437527
2019-02-02,656405523
2019-02-03,654566639
2019-02-04,654848641
2019-02-05,643315124
2019-02-06,642871918
2019-02-07,640843963
2019-02-08,627132420
2019-02-09,611597009
2019-02-10,611475070
2019-02-11,610173405
2019-02-12,610558760
2019-02-13,609291859
2019-02-14,593576990
2019-02-15,594209465
2019-02-16,593853460
2019-02-17,593390804
2019-02-18,592819777
2019-02-19,591365386
2019-02-20,592981187
2019-02-21,592856781
2019-02-22,575529413
2019-02-23,607983505
2019-02-24,607429187
2019-02-25,606147704
2019-02-26,604917530
2019-02-27,607194119
2019-02-28,608018395
2019-03-01,604631800
2019-03-02,609457831
2019-03-03,614875880
2019-03-04,614066103
2019-03-05,617503191
2019-03-06,617183684
2019-03-07,616311266
2019-03-08,605705037
2019-03-09,611676177
2019-03-10,612117513
2019-03-11,612152961
2019-03-12,615786107
2019-03-13,617293944
2019-03-14,616581546
2019-03-15,617405906
2019-03-16,616504073
2019-03-17,616440390
2019-03-18,615168972
2019-03-19,619934631
2019-03-20,620783471
2019-03-21,620504007
2019-03-22,626348097
2019-03-23,627092805
2019-03-24,627265746
2019-03-25,627372647
2019-03-26,627569909
2019-03-27,626551023
2019-03-28,626906132
2019-03-29,624022441
2019-03-30,623555382
2019-03-31,623329180
2019-04-01,624879301
2019-04-02,626365738
2019-04-03,629623776
2019-04-04,629220955
2019-04-05,628933457
2019-04-06,630486890
2019-04-07,630698261
2019-04-08,630813921
2019-04-09,650072928
2019-04-10,666931817
2019-04-11,705608292
2019-04-12,709478062
2019-04-13,728760160
2019-04-14,724085121
2019-04-15,726583178
2019-04-16,745335594
2019-04-17,751906981
2019-04-18,805597016
2019-04-19,805350312
2019-04-20,816170941
2019-04-21,810791842
2019-04-22,823381930
2019-04-23,820431880
2019-04-24,885025412
2019-04-25,937207494
2019-04-26,993315656
2019-04-27,1004584996
2019-04-28,1043037039
2019-04-29,1045269038
2019-04-30,1065014749
2019-05-01,1074402138
2019-05-02,1083256383
2019-05-03,1094832692
2019-05-04,1108522300
2019-05-05,1114859896
2019-05-06,1118149291
2019-05-07,1124471295
2019-05-08,1128582140
2019-05-09,1137964062
2019-05-10,1079104013
2019-05-11,1091691954
2019-05-12,1092385725
2019-05-13,1094836871
2019-05-14,1116617023
2019-05-15,1114402458
2019-05-16,1124597074
2019-05-17,1131070008
2019-05-18,1134055734
2019-05-19,1137344847
2019-05-20,1141824590
2019-05-21,1161582545
2019-05-22,1187050787
2019-05-23,1202639553
2019-05-24,1219342854
2019-05-25,1260098111
2019-05-26,1279466775
2019-05-27,1289093842
2019-05-28,1295258842
2019-05-29,1306525492
2019-05-30,1330388464
2019-05-31,1302219330
2019-06-01,1316565784
2019-06-02,1320111780
2019-06-03,1319957173
2019-06-04,1328807069
2019-06-05,1340032591
2019-06-06,1369262153
2019-06-07,1400091041
2019-06-08,1414345017
2019-06-09,1414342544
2019-06-10,1416353656
2019-06-11,1455628105
2019-06-12,1487476353
2019-06-13,1532681290
2019-06-14,1553258375
2019-06-15,1574353049
2019-06-16,1585454750
2019-06-17,1607180551
2019-06-18,1629312264
2019-06-19,1635358837
2019-06-20,1632059716
2019-06-21,1647621759
2019-06-22,1660454764
2019-06-23,1661740777
2019-06-24,1676241608
2019-06-25,1666845035
2019-06-26,1684973417
2019-06-27,1685552007
2019-06-28,1705236168
2019-06-29,1736888606
2019-06-30,1766831762
2019-07-01,1766659769
2019-07-02,1786939453
2019-07-03,1806539915
2019-07-04,1863841156
2019-07-05,1899685625
2019-07-06,1950307325
2019-07-07,1968012844
2019-07-08,1977795201
2019-07-09,2034665676
2019-07-10,2069383596
2019-07-11,2072119461
2019-07-12,2113854593
2019-07-13,2206512996
2019-07-14,2214044635
2019-07-15,2219216423
2019-07-16,2246616182
2019-07-17,2283251496
2019-07-18,2329551684
2019-07-19,2364681802
2019-07-20,2323711618
2019-07-21,2324991117
2019-07-22,2333186277
2019-07-23,2338759545
2019-07-24,2336108179
2019-07-25,2357159682
2019-07-26,2363643120
2019-07-27,2363134240
2019-07-28,2372507685
2019-07-29,2378024208
2019-07-30,2406231589
2019-07-31,2410754774
2019-08-01,2419958837
2019-08-02,2417490079
2019-08-03,2401420673
2019-08-04,2410391794
2019-08-05,2418436211
2019-08-06,2497816143
2019-08-07,2497413191
2019-08-08,2489193613
2019-08-09,2481193249
2019-08-10,2457383265
2019-08-11,2461545925
2019-08-12,2467056340
2019-08-13,2461275948
2019-08-14,2444576386
2019-08-15,2446072128
2019-08-16,2437135234
2019-08-17,2445238089
2019-08-18,2445015653
2019-08-19,2445847972
2019-08-20,2449533081
2019-08-21,2444419632
2019-08-22,2466833723
2019-08-23,2468871948
2019-08-24,2476648055
2019-08-25,2475467081
2019-08-26,2477336460
2019-08-27,2473973486
2019-08-28,2467186992
2019-08-29,2472630449
2019-08-30,2502101641
2019-08-31,2511467562
2019-09-01,2510705599
2019-09-02,2509464863
2019-09-03,2514595784
2019-09-04,2540955139
2019-09-05,2533527300
2019-09-06,2573699148
2019-09-07,2601324872
2019-09-08,2603893504
2019-09-09,2600817246
2019-09-10,2596372411
2019-09-11,2604927130
2019-09-12,2603875369
2019-09-13,2911278010
2019-09-14,2917532449
2019-09-15,2920000940
2019-09-16,2919434954
2019-09-17,2908515981
2019-09-18,2895246296
2019-09-19,2878752569
2019-09-20,2877558426
2019-09-21,2867790725
2019-09-22,2867501777
2019-09-23,2869496457
2019-09-24,2875518005
2019-09-25,2895740486
2019-09-26,2928533593
2019-09-27,2925736459
2019-09-28,2937214128
2019-09-29,2944065164
2019-09-30,2949092827
2019-10-01,2961968568
2019-10-02,2986861529
2019-10-03,3015952498
2019-10-04,3047695165
2019-10-05,3052193752
2019-10-06,3052518668
2019-10-07,3074659130
2019-10-08,3079252133
2019-10-09,3078577267
2019-10-10,3082969846
2019-10-11,3093100020
2019-10-12,3108800792
2019-10-13,3108750721
2019-10-14,3111147223
2019-10-15,3107419491
2019-10-16,3110035713
2019-10-17,3109572740
2019-10-18,3127911639
2019-10-19,3139555506
2019-10-20,3148064516
2019-10-21,3178361515
2019-10-22,3184832131
2019-10-23,3187422946
2019-10-24,3277004889
2019-10-25,3377391920
2019-10-26,3322678641
2019-10-27,3328596049
2019-10-28,3326489823
2019-10-29,3321494318
2019-10-30,3646785193
2019-10-31,3656623069
2019-11-01,3625997711
2019-11-02,3624432294
2019-11-03,3638871951
2019-11-04,3639340876
2019-11-05,3627989710
2019-11-06,3649491291
2019-11-07,3635927613
2019-11-08,3631682455
2019-11-09,3618459051
2019-11-10,3618226228
2019-11-11,3617647752
2019-11-12,3616519417
2019-11-13,3610517708
2019-11-14,3609259705
2019-11-15,3599913225
2019-11-16,3594129579
2019-11-17,3597071879
2019-11-18,3596328282
2019-11-19,3590660116
2019-11-20,3597017502
2019-11-21,3593885270
2019-11-22,3624101848
2019-11-23,3645855979
2019-11-24,3621319569
2019-11-25,3627795274
2019-11-26,3671020542
2019-11-27,3671264954
2019-11-28,3687589971
2019-11-29,3682473291
2019-11-30,3693731139
2019-12-01,3696530497
2019-12-02,3699476292
2019-12-03,3738425544
2019-12-04,3733631183
2019-12-05,3761300671
2019-12-06,3757695207
2019-12-07,3769105002
2019-12-08,3777712068
2019-12-09,3779792302
2019-12-10,3816928348
2019-12-11,4068643525
2019-12-12,4046661970
2019-12-13,4052025718
2019-12-14,4046454853
2019-12-15,4047145798
2019-12-16,4048868790
2019-12-17,4058540792
2019-12-18,4060816610
2019-12-19,4093955951
2019-12-20,4142438731
2019-12-21,4170042609
2019-12-22,4163555060
2019-12-23,4164576755
2019-12-24,4175422499
2019-12-25,4170493520
2019-12-26,4173471024
2019-12-27,4165855978
2019-12-28,4169845518
2019-12-29,4165229806
2019-12-30,4167785868
2019-12-31,4172399815
2020-01-01,4171183915
2020-01-02,4172339379
2020-01-03,5263029449
2020-01-04,5317903566
2020-01-05,5322101858
2020-01-06,5316121908
2020-01-07,5325138380
2020-01-08,5304331004
2020-01-09,5275432151
2020-01-10,5273924299
2020-01-11,5259752141
2020-01-12,5234934725
2020-01-13,5245783884
2020-01-14,5231385318
2020-01-15,5216671448
2020-01-16,5235012363
2020-01-17,5232415331
2020-01-18,5224614339
2020-01-19,5221882346
2020-01-20,5227154052
2020-01-21,5221336668
2020-01-22,5219971982
2020-01-23,5227729620
2020-01-24,5215652091
2020-01-25,5226584411
2020-01-26,5220949191
2020-01-27,5223306407
2020-01-28,5213807404
2020-01-29,5241286354
2020-01-30,5225319308
2020-01-31,5227722361
2020-02-01,5223708022
2020-02-02,5225343587
2020-02-03,5229795520
2020-02-04,5235733266
2020-02-05,5221892129
2020-02-06,5215313720
2020-02-07,5221658747
2020-02-08,5211462780
2020-02-09,5215838450
2020-02-10,5243178189
2020-02-11,5224485837
2020-02-12,5222502601
2020-02-13,5217445835
2020-02-14,5226055786
2020-02-15,5224982222
2020-02-16,5224513135
2020-02-17,5233688392
2020-02-18,5242743901
2020-02-19,5228236453
2020-02-20,5228023411
2020-02-21,5226047156
2020-02-22,5232028938
2020-02-23,5231475395
2020-02-24,5241127908
2020-02-25,5219704618
2020-02-26,5217265149
2020-02-27,5212229955
2020-02-28,5235746126
2020-02-29,5228258455
2020-03-01,5223885102
2020-03-02,5229647485
2020-03-03,5231240071
2020-03-04,5244698752
2020-03-05,5244149199
2020-03-06,5228153391
2020-03-07,5243060587
2020-03-08,5241439606
2020-03-09,5211954498
2020-03-10,5247349957
2020-03-11,5248279700
2020-03-12,5275124338
2020-03-13,5300063186
2020-03-14,5388296097
2020-03-15,5325996363
2020-03-16,5391280199
2020-03-17,5408977302
2020-03-18,5424695019
2020-03-19,5358062292
2020-03-20,5440815259
2020-03-21,5481009210
2020-03-22,5435070454
2020-03-23,5460360343
2020-03-24,5479578866
2020-03-25,5498952201
2020-03-26,5523480109
2020-03-27,5509246065
2020-03-28,5486237668
2020-03-29,5497449798
2020-03-30,5504589512
2020-03-31,5498129318
2020-04-01,5484245718
2020-04-02,5506879823
2020-04-03,7520361335
2020-04-04,7562443213
2020-04-05,7557471767
2020-04-06,7572365440
2020-04-07,7551042009
2020-04-08,7548153522
2020-04-09,7568216566
2020-04-10,7579440165
2020-04-11,7585666155
2020-04-12,7585181801
2020-04-13,7597510990
2020-04-14,7588940386
2020-04-15,7613376819
2020-04-16,7594803190
2020-04-17,7819217665
2020-04-18,7801664672
2020-04-19,7800496165
2020-04-20,7823573706
2020-04-21,7830793196
2020-04-22,7810784076
2020-04-23,8587470416
2020-04-24,8553117734
2020-04-25,8572630885
2020-04-26,8604432709
2020-04-27,8625455878
2020-04-28,8633110935
2020-04-29,8600774867
2020-04-30,9147699579
2020-05-01,9140635937
2020-05-02,9207527701
2020-05-03,9228432767
2020-05-04,9255372698
2020-05-05,9230502496
2020-05-06,9314529388
2020-05-07,9385201295
2020-05-08,9549415672
2020-05-09,9624782717
2020-05-10,9786861585
2020-05-11,9949939825
2020-05-12,9963394794
2020-05-13,10116820987
2020-05-14,10136924145
2020-05-15,10264751759
2020-05-16,10320558024
2020-05-17,10341701634
2020-05-18,10434326150
2020-05-19,10406775076
2020-05-20,10376233394
2020-05-21,10407425906
2020-05-22,10385964684
2020-05-23,10363482963
2020-05-24,10370019549
2020-05-25,10442671143
2020-05-26,10484879220
2020-05-27,10475714784
2020-05-28,10504143820
2020-05-29,10521810563
2020-05-30,10519046047
2020-05-31,10585121020
2020-06-01,10554004111
2020-06-02,10586824965
2020-06-03,10671128095
2020-06-04,10695185238
2020-06-05,10737882005
2020-06-06,10738031561
2020-06-07,10761958070
2020-06-08,10787742244
2020-06-09,10823151728
2020-06-10,10829666746
2020-06-11,10890764535
2020-06-12,10905210278
2020-06-13,10968146982
2020-06-14,10974580616
2020-06-15,10981821533
2020-06-16,10993052761
2020-06-17,11046065654
2020-06-18,11076394900
2020-06-19,11128934632
2020-06-20,11221972787
2020-06-21,11269431397
2020-06-22,11291371486
2020-06-23,11339256517
2020-06-24,11296008399
2020-06-25,11311637151
2020-06-26,11296196966
2020-06-27,11332058794
2020-06-28,11374659438
2020-06-29,11380691760
2020-06-30,11358673903
2020-07-01,11383093396
2020-07-02,11425556916
2020-07-03,11431108455
2020-07-04,11483052161
2020-07-05,11548633482
2020-07-06,11565106680
2020-07-07,11583052130
2020-07-08,11613650912
2020-07-09,11655649781
2020-07-10,11700112852
2020-07-11,11725234590
2020-07-12,11771509505
2020-07-13,11763836778
2020-07-14,11780976433
2020-07-15,11773476460
2020-07-16,11813810554
2020-07-17,11830259623
2020-07-18,11849455193
2020-07-19,11894179709
2020-07-20,11969106677
2020-07-21,11938472006
2020-07-22,11975957518
2020-07-23,12097975744
2020-07-24,12204801535
2020-07-25,12347906320
2020-07-26,12372278797
2020-07-27,12465221658
2020-07-28,12383296918
2020-07-29,12687742037
2020-07-30,12857007871
2020-07-31,12945799525
2020-08-01,12997040523
2020-08-02,13171858040
2020-08-03,13308724862
2020-08-04,13363209257
2020-08-05,13431874835
2020-08-06,13517437732
2020-08-07,13606345989
2020-08-08,13782849335
2020-08-09,13931351384
2020-08-10,14015095923
2020-08-11,14044986697
2020-08-12,14201087438
2020-08-13,14274053304
2020-08-14,14412843493
2020-08-15,14729755991
2020-08-16,14716514938
2020-08-17,14789004093
2020-08-18,14946391238
2020-08-19,15211544080
2020-08-20,15234414789
2020-08-21,15351565275
2020-08-22,15483952267
2020-08-23,15589971518
2020-08-24,15651852185
2020-08-25,15683049208
2020-08-26,15713038116
2020-08-27,15739839907
2020-08-28,15916692357
2020-08-29,16027177068
2020-08-30,16239233729
2020-08-31,16279044423
2020-09-01,15532002662
2020-09-02,15710624166
2020-09-03,15988893435
2020-09-04,16074034556
2020-09-05,16250017617
2020-09-06,16314487648
2020-09-07,16369358912
2020-09-08,16693319540
2020-09-09,16683353126
2020-09-10,17028544020
2020-09-11,17127423300
2020-09-12,17222888229
2020-09-13,17296473959
2020-09-14,17626513489
2020-09-15,16766487247
2020-09-16,17914861141
2020-09-17,18167633011
2020-09-18,18397062583
2020-09-19,18522247374
2020-09-20,18818356670
2020-09-21,18900033656
2020-09-22,18962696330
2020-09-23,18988744019
2020-09-24,19071443302
2020-09-25,19143946257
2020-09-26,19167981519
2020-09-27,19254845168
2020-09-28,19302943363
2020-09-29,19215170367
2020-09-30,19222845395
2020-10-01,19240552781
2020-10-02,19388146193
2020-10-03,19469681949
2020-10-04,19515757283
2020-10-05,19538488716
2020-10-06,19556497402
2020-10-07,19592005881
2020-10-08,19610520376
2020-10-09,19885140655
2020-10-10,19968511646
2020-10-11,20027811790
2020-10-12,20049862183
2020-10-13,20076105724
2020-10-14,20044629130
2020-10-15,20031295392
2020-10-16,20020759547
2020-10-17,19996328714
2020-10-18,19989049444
2020-10-19,20028314554
2020-10-20,20161464213
2020-10-21,20490481064
2020-10-22,20582540993
2020-10-23,20687161494
2020-10-24,20667287789
2020-10-25,20703575834
2020-10-26,20739303757
2020-10-27,20820459145
2020-10-28,20852357853
2020-10-29,21000285806
2020-10-30,21036905639
2020-10-31,21187499543
2020-11-01,21231726205
2020-11-02,21248302437
2020-11-03,21233946173
2020-11-04,21366589230
2020-11-05,21322481969
2020-11-06,21608958242
2020-11-07,21720781734
2020-11-08,21755135515
2020-11-09,21741002105
2020-11-10,21681847475
2020-11-11,21851417384
2020-11-12,22050019495
2020-11-13,22221618449
2020-11-14,22249954555
2020-11-15,22293125031
2020-11-16,22295960588
2020-11-17,22431750392
2020-11-18,22375423887
2020-11-19,22386337655
2020-11-20,22566217488
2020-11-21,22967085725
2020-11-22,23021343457
2020-11-23,23085482714
2020-11-24,23245455645
2020-11-25,23468751798
2020-11-26,23476455550
2020-11-27,23456593336
2020-11-28,23444438936
2020-11-29,23590477413
2020-11-30,23608193267
2020-12-01,24042598073
2020-12-02,24234987463
2020-12-03,24292980539
2020-12-04,24394975270
2020-12-05,24602472650
2020-12-06,24631922957
2020-12-07,24679621713
2020-12-08,24610380941
2020-12-09,24603810064
2020-12-10,24601247569
2020-12-11,24755657672
2020-12-12,24801836725
2020-12-13,24925034081
2020-12-14,24978025621
2020-12-15,25045581404
2020-12-16,25274413332
2020-12-17,25408602917
2020-12-18,25434573975
2020-12-19,25692992103
2020-12-20,25835344038
2020-12-21,25829530660
2020-12-22,25956637288
2020-12-23,25937013754
2020-12-24,26187858197
2020-12-25,26491777649
2020-12-26,26526907626
2020-12-27,26550584276
2020-12-28,26583425154
2020-12-29,26831297054
2020-12-30,26887152847
2020-12-31,27064715439
2021-01-01,27375658126
2021-01-02,28273706662
2021-01-03,29253311943
2021-01-04,29421759680
2021-01-05,29278125285
2021-01-06,30082707424
2021-01-07,31125447521
2021-01-08,31205749318
2021-01-09,32056057167
2021-01-10,32342791893
2021-01-11,32265050108
2021-01-12,32277903447
2021-01-13,32566525810
2021-01-14,32637676033
2021-01-15,32643280328
2021-01-16,32786523404
2021-01-17,33013894956
2021-01-18,32988630915
2021-01-19,33542943279
2021-01-20,33588749567
2021-01-21,33767194674
2021-01-22,33816917907
2021-01-23,34070284632
2021-01-24,34120643812
2021-01-25,34279281923
2021-01-26,34222369790
2021-01-27,34732159954
2021-01-28,35415385053
2021-01-29,36040572347
2021-01-30,36551703484
2021-01-31,36629455491
2021-02-01,37167703961
2021-02-02,37086696036
2021-02-03,35663097749
2021-02-04,38242784718
2021-02-05,38765375111
2021-02-06,39983126144
2021-02-07,40081733742
2021-02-08,41494705769
2021-02-09,41832015214
2021-02-10,43063490614
2021-02-11,43411624696
2021-02-12,43642979052
2021-02-13,44805054278
2021-02-14,45273122444
2021-02-15,45318287216
2021-02-16,45778782256
2021-02-17,46681235565
2021-02-18,46840234398
2021-02-19,47471759076
2021-02-20,49109402708
2021-02-21,49566655523
2021-02-22,49555991966
2021-02-23,49998356144
2021-02-24,49999448699
2021-02-25,50562420978
2021-02-26,50336048106
2021-02-27,51066701418
2021-02-28,50754678543
2021-03-01,52105582169
2021-03-02,52516852234
2021-03-03,54029072554
2021-03-04,53444825224
2021-03-05,53892609327
2021-03-06,54054094234
2021-03-07,54357759822
2021-03-08,54355635147
2021-03-09,54101141780
2021-03-10,55427420786
2021-03-11,55698583027
2021-03-12,56023489973
2021-03-13,56422136775
2021-03-14,56458947299
2021-03-15,57499218523
2021-03-16,58209242175
2021-03-17,58347051686
2021-03-18,58668266552
2021-03-19,58962195777
2021-03-20,59207118625
2021-03-21,60280760071
2021-03-22,60481721213
2021-03-23,60713414482
2021-03-24,60538066683
2021-03-25,60604268208
2021-03-26,60788650682
2021-03-27,62237804352
2021-03-28,62382334411
2021-03-29,62853307642
2021-03-30,62475929792
2021-03-31,62756614847
2021-04-01,63839005507
2021-04-02,63976734696
2021-04-03,66361769333
2021-04-04,66701988845
2021-04-05,67160922257
2021-04-06,68255596889
2021-04-07,68301609274
2021-04-08,68730624080
2021-04-09,69324515525
2021-04-10,69590908069
2021-04-11,69839769482
2021-04-12,70820724092
2021-04-13,70668087878
2021-04-14,73247005131
2021-04-15,73646108667
2021-04-16,74259179696
2021-04-17,76389791626
2021-04-18,76976630064
2021-04-19,80001982827
2021-04-20,80222515351
2021-04-21,81117622475
2021-04-22,81467114707
2021-04-23,81838661523
2021-04-24,81969558368
2021-04-25,81910379244
2021-04-26,82661750821
2021-04-27,83025228288
2021-04-28,83081012479
2021-04-29,83896411610
2021-04-30,83557084261
2021-05-01,84911176660
2021-05-02,85388401447
2021-05-03,86631372130
2021-05-04,86753985494
2021-05-05,89046190495
2021-05-06,89599264423
2021-05-07,90157181884
2021-05-08,90325387449
2021-05-09,90643431396
2021-05-10,91978780612
2021-05-11,93602042339
2021-05-12,94481568010
2021-05-13,94525992235
2021-05-14,94057749920
2021-05-15,94695973939
2021-05-16,94711525005
2021-05-17,95201516932
2021-05-18,96805673841
2021-05-19,96359554909
2021-05-20,95190806599
2021-05-21,97007684922
2021-05-22,99100270831
2021-05-23,99805569542
2021-05-24,100951864953
2021-05-25,101575300669
2021-05-26,101860855193
2021-05-27,102916476566
2021-05-28,104040708564
2021-05-29,104784309319
2021-05-30,104335023551
2021-05-31,102350266106
2021-06-01,105707446119
2021-06-02,106345950326
2021-06-03,106332473404
2021-06-04,106967813792
2021-06-05,107179699301
2021-06-06,107489513559
2021-06-07,107957707483
2021-06-08,107416963070
2021-06-09,108121522882
2021-06-10,108422839999
2021-06-11,108050872917
2021-06-12,107848326042
2021-06-13,108151032611
2021-06-14,108259833778
2021-06-15,108346066674
2021-06-16,108489463314
2021-06-17,107812615186
2021-06-18,108128283541
2021-06-19,108300043137
2021-06-20,108613564826
2021-06-21,108934049122
2021-06-22,108735600177
2021-06-23,109513511902
2021-06-24,109690229073
2021-06-25,109839758153
2021-06-26,109981883594
2021-06-27,110333596798
2021-06-28,110493923380
2021-06-29,110005223288
2021-06-30,109620926186
2021-07-01,110117369949
2021-07-02,110328987665
2021-07-03,111052164600
2021-07-04,111039173339
2021-07-05,110519660446
2021-07-06,111191183702
2021-07-07,111547956542
2021-07-08,111403859088
2021-07-09,111894898754
2021-07-10,111876191965
2021-07-11,111987671768
2021-07-12,111785033408
2021-07-13,112124869750
2021-07-14,111915645613
2021-07-15,111874878412
2021-07-16,112647189273
2021-07-17,111854212971
2021-07-18,112318599424
2021-07-19,112698274707
2021-07-20,112449698155
2021-07-21,112547114480
2021-07-22,113015426044
2021-07-23,112904681262
2021-07-24,113222444248
2021-07-25,113453703630
2021-07-26,113951105151
2021-07-27,113677857718
2021-07-28,114263356795
2021-07-29,113864411550
2021-07-30,114086188070
2021-07-31,114664254169
2021-08-01,114087518678
2021-08-02,114041827687
2021-08-03,114206765922
2021-08-04,114569446648
2021-08-05,112672180971
2021-08-06,113221422090
2021-08-07,113618576750
2021-08-08,114881527345
2021-08-09,114928147283
2021-08-10,115005621682
2021-08-11,114538705870
2021-08-12,114605586658
2021-08-13,114793537848
2021-08-14,114607821685
2021-08-15,115632961456
2021-08-16,115792598962
2021-08-17,115650786821
2021-08-18,115585763625
2021-08-19,115799908806
2021-08-20,116422107244
2021-08-21,116537394180
2021-08-22,116545856390
2021-08-23,118127799293
2021-08-24,115740949966
2021-08-25,117742605523
2021-08-26,117628481785
2021-08-27,117576424380
2021-08-28,118035339948
2021-08-29,118096327305
2021-08-30,118131543242
2021-08-31,118044808424
2021-09-01,118462298510
2021-09-02,118561229842
2021-09-03,119630285058
2021-09-04,119786178879
2021-09-05,119863005188
2021-09-06,120999045509
2021-09-07,123078023288
2021-09-08,123611941629
2021-09-09,124015253020
2021-09-10,124346819079
2021-09-11,123492343794
2021-09-12,124004448107
2021-09-13,124564131458
2021-09-14,123983966147
2021-09-15,124282410800
2021-09-16,124187104932
2021-09-17,124440305071
2021-09-18,124932503717
2021-09-19,124849410109
2021-09-20,125090267495
2021-09-21,124133615603
2021-09-22,123914115583
2021-09-23,125141977906
2021-09-24,125792201787
2021-09-25,126522461588
2021-09-26,127197461002
2021-09-27,127671458775
2021-09-28,126299908074
2021-09-29,126308864603
2021-09-30,127365031050
2021-10-01,127126472526
2021-10-02,127213858690
2021-10-03,127295300467
2021-10-04,127673601281
2021-10-05,127636018533
2021-10-06,127875440099
2021-10-07,128307640967
2021-10-08,128500383443
2021-10-09,128712011414
2021-10-10,128950939683
2021-10-11,129000466654
2021-10-12,129619444823
2021-10-13,129150916259
2021-10-14,129280694684
2021-10-15,129545417019
2021-10-16,129760473173
2021-10-17,129767918195
2021-10-18,129644690225
2021-10-19,129449962362
2021-10-20,129392550662
2021-10-21,129879533369
2021-10-22,129571555181
2021-10-23,130175649476
2021-10-24,130401523894
2021-10-25,130325720237
2021-10-26,130379038072
2021-10-27,129851989316
2021-10-28,130532974537
2021-10-29,131020387743
2021-10-30,131490254956
2021-10-31,131867911789
2021-11-01,131653666044
2021-11-02,133172305764
2021-11-03,134291799367
2021-11-04,134220641041
2021-11-05,135559529763
2021-11-06,136992988877
2021-11-07,136832830695
2021-11-08,138124190100
2021-11-09,137053349049
2021-11-10,139553905414
2021-11-11,139719047373
2021-11-12,139448011689
2021-11-13,140555809113
2021-11-14,140962968933
2021-11-15,142182097325
2021-11-16,142011059169
2021-11-17,143000477617
2021-11-18,144346811131
2021-11-19,144032962241
2021-11-20,145948841562
2021-11-21,146593710830
2021-11-22,146477738499
2021-11-23,146073263732
2021-11-24,146532932562
2021-11-25,146936205770
2021-11-26,147755296884
2021-11-27,148414235620
2021-11-28,148785519438
2021-11-29,148950392158
2021-11-30,148383381279
2021-12-01,149077932307
2021-12-02,149796521755
2021-12-03,149674844232
2021-12-04,151428385148
2021-12-05,152628040752
2021-12-06,153451959695
2021-12-07,154200800435
2021-12-08,155033649078
2021-12-09,153107416018
2021-12-10,155456882274
2021-12-11,155559529761
2021-12-12,156248467348
2021-12-13,156342320990
2021-12-14,156217907370
2021-12-15,158120196514
2021-12-16,158180759526
2021-12-17,158040694294
2021-12-18,158501915801
2021-12-19,159098354014
2021-12-20,158802558654
2021-12-21,160356889734
2021-12-22,160739762243
2021-12-23,159336251374
2021-12-24,159950199063
2021-12-25,160292553534
2021-12-26,160179383799
2021-12-27,161408699190
2021-12-28,161357191387
2021-12-29,161386084121
2021-12-30,161265277003
2021-12-31,162533919428
2022-01-01,161894743362
2022-01-02,166987595403
2022-01-03,166080942224
2022-01-04,166332078829
2022-01-05,166333283414
2022-01-06,167283567567
2022-01-07,167108560575
2022-01-08,166919250273
2022-01-09,166346460737
2022-01-10,166260314932
2022-01-11,167500397800
2022-01-12,167719722167
2022-01-13,168618635217
2022-01-14,168856168877
2022-01-15,169138581565
2022-01-16,169278285205
2022-01-17,169659131618
2022-01-18,170236237095
2022-01-19,169757218620
2022-01-20,170333439008
2022-01-21,171065590048
2022-01-22,170276902283
2022-01-23,172442522123
2022-01-24,171824202644
2022-01-25,173012638344
2022-01-26,172881281051
2022-01-27,174010306137
2022-01-28,174261313570
2022-01-29,172832143375
2022-01-30,173648545159
2022-01-31,173207296275
2022-02-01,173678332432
2022-02-02,174201986706
2022-02-03,174825395209
2022-02-04,175776833285
2022-02-05,177275489393
2022-02-06,176170914216
2022-02-07,176667458603
2022-02-08,176894462623
2022-02-09,177661497092
2022-02-10,178219583732
2022-02-11,179183896185
2022-02-12,179781430738
2022-02-13,179765102930
2022-02-14,179968597850
2022-02-15,179787974604
2022-02-16,180400192308
2022-02-17,180332737691
2022-02-18,180633941521
2022-02-19,181045560108
2022-02-20,182048298273
2022-02-21,181619160509
2022-02-22,181936067990
2022-02-23,182243008686
2022-02-24,182628232789
2022-02-25,183135172500
2022-02-26,182601536593
2022-02-27,183359601774
2022-02-28,184075922014
2022-03-01,183440999761
2022-03-02,183563878698
2022-03-03,183790867201
2022-03-04,183571957441
2022-03-05,183521384113
2022-03-06,183751921664
2022-03-07,183944742776
2022-03-08,182926360712
2022-03-09,183521655865
2022-03-10,183874214120
2022-03-11,184318113320
2022-03-12,184287863476
2022-03-13,184539718857
2022-03-14,184771633265
2022-03-15,184558839140
2022-03-16,184479266367
2022-03-17,184699501176
2022-03-18,185427952276
2022-03-19,186033730246
2022-03-20,186236571910
2022-03-21,186495318153
2022-03-22,186460445884
2022-03-23,186233178424
2022-03-24,185599897164
2022-03-25,185879702771
2022-03-26,185461986125
2022-03-27,185691609319
2022-03-28,185597675271
2022-03-29,185430949275
2022-03-30,186285614394
2022-03-31,187096302148
2022-04-01,186622372566
2022-04-02,187391942652
2022-04-03,187056596134
2022-04-04,187011943815
2022-04-05,186796803621
2022-04-06,186882362226
2022-04-07,186004443848
2022-04-08,186109968175
2022-04-09,186415512678
2022-04-10,186820952888
2022-04-11,186823358795
2022-04-12,186028430149
2022-04-13,186322317740
2022-04-14,185838228053
2022-04-15,185898595642
2022-04-16,185872684306
2022-04-17,185876599678
2022-04-18,186014332758
2022-04-19,185805045771
2022-04-20,185990856370
2022-04-21,186135614099
2022-04-22,186550806481
2022-04-23,186884288700
2022-04-24,187119500222
2022-04-25,186963531157
2022-04-26,187015867133
2022-04-27,186538263699
2022-04-28,186459057703
2022-04-29,186357929000
2022-04-30,186793183826
2022-05-01,187059239551
2022-05-02,186861568501
2022-05-03,186591731522
2022-05-04,186657318211
2022-05-05,186220855767
2022-05-06,186443085966
2022-05-07,185659333778
2022-05-08,185444316534
2022-05-09,180003932412
2022-05-10,176977547082
2022-05-11,176021893184
2022-05-12,160111332612
2022-05-13,159859520640
2022-05-14,158564041612
2022-05-15,158008821059
2022-05-16,158064097460
2022-05-17,159413236718
2022-05-18,158263160172
2022-05-19,158499144778
2022-05-20,159156483288
2022-05-21,158417603244
2022-05-22,158475938087
2022-05-23,158578457825
2022-05-24,158670219361
2022-05-25,158827028632
2022-05-26,158969444065
2022-05-27,158594112075
2022-05-28,158141251758
2022-05-29,158317850025
2022-05-30,158210159072
2022-05-31,158731339487
2022-06-01,159296790757
2022-06-02,160264129409
2022-06-03,159387989292
2022-06-04,159378201658
2022-06-05,159318404528
2022-06-06,159329214489
2022-06-07,159224391538
2022-06-08,159107444347
2022-06-09,159078010669
2022-06-10,159146853848
2022-06-11,158697485989
2022-06-12,158416739423
2022-06-13,158139729196
2022-06-14,156870816044
2022-06-15,155935668777
2022-06-16,155143029661
2022-06-17,154643688106
2022-06-18,154095812453
2022-06-19,154180025567
2022-06-20,153950288992
2022-06-21,153296812292
2022-06-22,153414687876
2022-06-23,153383413427
2022-06-24,152987239268
2022-06-25,152990202603
2022-06-26,153199371691
2022-06-27,153193419304
2022-06-28,152962218106
2022-06-29,152893740186
2022-06-30,152787706050
2022-07-01,152663528744
2022-07-02,153384513551
2022-07-03,153348368239
2022-07-04,153224621112
2022-07-05,153260988596
2022-07-06,153295218999
2022-07-07,153046068807
2022-07-08,152802950055
2022-07-09,152953664677
2022-07-10,152973934393
2022-07-11,152865402930
2022-07-12,153033567872
2022-07-13,152730651477
2022-07-14,152735818223
2022-07-15,152809370833
2022-07-16,152258105635
2022-07-17,152317341745
2022-07-18,152412018425
2022-07-19,152660769584
2022-07-20,152570537599
2022-07-21,152764751593
2022-07-22,152712129660
2022-07-23,152843691759
2022-07-24,152948190147
2022-07-25,152932405690
2022-07-26,152907898899
2022-07-27,152829637494
2022-07-28,152905558958
2022-07-29,152712189988
2022-07-30,152828151594
2022-07-31,152833987943
2022-08-01,152833041936
2022-08-02,153097134125
2022-08-03,153030596754
2022-08-04,153020117328
2022-08-05,152940674070
2022-08-06,153105336268
2022-08-07,153138488098
2022-08-08,153056197389
2022-08-09,152821750179
2022-08-10,152750660561
2022-08-11,153033620298
2022-08-12,152981946072
2022-08-13,152815246311
2022-08-14,153052198595
2022-08-15,152536438261
2022-08-16,152841879383
2022-08-17,152724168260
2022-08-18,152690537523
2022-08-19,152470975082
2022-08-20,152367337262
2022-08-21,152282317340
2022-08-22,152234784913
2022-08-23,152034289031
2022-08-24,152158530460
2022-08-25,152194411557
2022-08-26,152204960264
2022-08-27,152292982406
2022-08-28,152361362480
2022-08-29,152140370272
2022-08-30,152275885173
2022-08-31,152599035949
2022-09-01,152389636805
2022-09-02,152314925267
2022-09-03,152120765301
2022-09-04,152142773500
2022-09-05,151999751305
2022-09-06,151896505206
2022-09-07,151910082825
2022-09-08,152011707374
2022-09-09,152163017507
2022-09-10,152272290976
2022-09-11,152395436852
2022-09-12,152385513269
2022-09-13,152330872619
2022-09-14,152345006191
2022-09-15,151977282591
2022-09-16,151746440370
2022-09-17,151593630116
2022-09-18,151672147751
2022-09-19,151612209732
2022-09-20,151760430439
2022-09-21,152015582173
2022-09-22,151863974857
2022-09-23,151864979297
2022-09-24,151661881491
2022-09-25,151620437493
2022-09-26,151340517326
2022-09-27,150597739297
2022-09-28,150487696958
2022-09-29,149988645060
2022-09-30,149499660119
2022-10-01,148247368029
2022-10-02,148255813414
2022-10-03,148285671461
2022-10-04,148065422909
2022-10-05,148028552799
2022-10-06,148098167043
2022-10-07,148139349891
2022-10-08,148305018403
2022-10-09,148316236619
2022-10-10,148300398649
2022-10-11,148102920497
2022-10-12,147995883556
2022-10-13,147485526756
2022-10-14,147060157172
2022-10-15,146643247363
2022-10-16,146628630690
2022-10-17,146555979156
2022-10-18,146361958944
2022-10-19,146267526538
2022-10-20,146178122653
2022-10-21,145772402320
2022-10-22,145572640625
2022-10-23,145632327322
2022-10-24,145665641345
2022-10-25,145340003450
2022-10-26,145220004099
2022-10-27,145406750198
2022-10-28,145329325883
2022-10-29,145440460393
2022-10-30,145544750521
2022-10-31,145639694887
2022-11-01,145218376181
2022-11-02,145240308198
2022-11-03,145105309553
2022-11-04,145239425891
2022-11-05,145414801244
2022-11-06,145461251733
2022-11-07,145820548890
2022-11-08,146804845954
2022-11-09,147100056756
2022-11-10,145340576354
2022-11-11,145762480474
2022-11-12,145596596170
2022-11-13,144925359847
2022-11-14,144756738409
2022-11-15,144582168711
2022-11-16,144629322669
2022-11-17,144210345085
2022-11-18,143848646324
2022-11-19,144038279532
2022-11-20,144068839763
2022-11-21,144102429484
2022-11-22,143250860856
2022-11-23,143249926867
2022-11-24,142611228750
2022-11-25,142860699045
2022-11-26,142561523105
2022-11-27,142738408946
2022-11-28,142732619105
2022-11-29,141689098658
2022-11-30,141060756851
2022-12-01,140911454436
2022-12-02,140745840430
2022-12-03,141006889555
2022-12-04,141176178083
2022-12-05,141280980585
2022-12-06,141031306910
2022-12-07,140892699531
2022-12-08,140728332181
2022-12-09,140665248584
2022-12-10,140587487802
2022-12-11,140634134203
2022-12-12,140748682010
2022-12-13,140396114017
2022-12-14,140008478227
2022-12-15,139796532354
2022-12-16,139827012912
2022-12-17,139367752776
2022-12-18,139538766142
2022-12-19,139561090303
2022-12-20,139197132905
2022-12-21,138935084247
2022-12-22,138709461547
2022-12-23,138566492407
2022-12-24,138066241077
2022-12-25,138112325948
2022-12-26,138119567624
2022-12-27,138102727108
2022-12-28,137634147686
2022-12-29,137674202313
2022-12-30,137585903468
2022-12-31,137457066907
2023-01-01,137354723242
2023-01-02,137454973923
2023-01-03,137442015493
2023-01-04,137110563314
2023-01-05,137062846905
2023-01-06,136772164881
2023-01-07,136459013265
2023-01-08,136596474461
2023-01-09,136575021783
2023-01-10,136326203322
2023-01-11,136506356344
2023-01-12,136572855908
2023-01-13,136671912282
2023-01-14,136420249118
2023-01-15,136612025328
2023-01-16,136787130533
2023-01-17,136710186110
2023-01-18,136254621761
2023-01-19,136136583497
2023-01-20,136088256279
2023-01-21,136280273037
2023-01-22,136562513589
2023-01-23,136658943316
2023-01-24,136496759260
2023-01-25,136518041461
2023-01-26,136806901696
2023-01-27,137016558937
2023-01-28,136844934538
2023-01-29,137001726301
2023-01-30,136954238448
2023-01-31,136622261802
2023-02-01,136701038486
2023-02-02,136648060543
2023-02-03,136920131292
2023-02-04,136640143005
2023-02-05,136664055095
2023-02-06,136708667208
2023-02-07,136596615395
2023-02-08,136440741078
2023-02-09,136312002815
2023-02-10,136174027423
2023-02-11,136181813978
2023-02-12,136176267826
2023-02-13,136121109034
2023-02-14,136233489369
2023-02-15,136088895947
2023-02-16,135703043005
2023-02-17,135833107481
2023-02-18,135770978035
2023-02-19,135788590695
2023-02-20,135838652785
2023-02-21,135504034616
2023-02-22,135272901820
2023-02-23,135012058601
2023-02-24,134871069073
2023-02-25,134855093502
2023-02-26,134976439527
2023-02-27,134897788649
2023-02-28,134598011067
2023-03-01,134455610391
2023-03-02,134286929536
2023-03-03,134462132798
2023-03-04,134487439968
2023-03-05,134578051700
2023-03-06,134646041124
2023-03-07,134442923214
2023-03-08,134466136644
2023-03-09,134364643505
2023-03-10,134371491348
2023-03-11,134015399006
2023-03-12,131234867571
2023-03-13,134768059720
2023-03-14,133438643231
2023-03-15,132321136166
2023-03-16,132679479135
2023-03-17,132774050347
2023-03-18,132755579538
2023-03-19,133136757166
2023-03-20,132866172521
2023-03-21,133171107299
2023-03-22,132992860397
2023-03-23,132823056549
2023-03-24,133009932398
2023-03-25,133314984725
2023-03-26,133441042456
2023-03-27,132584857852
2023-03-28,132169678294
2023-03-29,131798152588
2023-03-30,131744789169
2023-03-31,131727344888
2023-04-01,131215079685
2023-04-02,131142616209
2023-04-03,131367953551
2023-04-04,131919729431
2023-04-05,131285300974
2023-04-06,131221409261
2023-04-07,131432566779
2023-04-08,131444301689
2023-04-09,131634513804
2023-04-10,131322420932
2023-04-11,131428767130
2023-04-12,131367794570
2023-04-13,131292870912
2023-04-14,131408503342
2023-04-15,131357055451
2023-04-16,131247395572
2023-04-17,131166144989
2023-04-18,131050337662
2023-04-19,130782715221
2023-04-20,130815625349
2023-04-21,130642993399
2023-04-22,129430536024
2023-04-23,130306403993
2023-04-24,130340660576
2023-04-25,130271173682
2023-04-26,130106693959
2023-04-27,130269178722
2023-04-28,130073483667
2023-04-29,129957434267
2023-04-30,129898107897
2023-05-01,129933348723
2023-05-02,130274969492
2023-05-03,130297022520
2023-05-04,129882757831
2023-05-05,129762123803
2023-05-06,130260153565
2023-05-07,130181863824
2023-05-08,130015021695
2023-05-09,130102993575
2023-05-10,130230224084
2023-05-11,130081156232
2023-05-12,130004263179
2023-05-13,130044117826
2023-05-14,130017558582
2023-05-15,130013225266
2023-05-16,129924836362
2023-05-17,129746997186
2023-05-18,129478180511
2023-05-19,129604708095
2023-05-20,129477882174
2023-05-21,129602545343
2023-05-22,129496286275
2023-05-23,129379033068
2023-05-24,129309993488
2023-05-25,128914199572
2023-05-26,128888069148
2023-05-27,128880297082
2023-05-28,128912215482
2023-05-29,128960826208
2023-05-30,128945183621
2023-05-31,128901070051
2023-06-01,128850909985
2023-06-02,128776525845
2023-06-03,128812123354
2023-06-04,128726003080
2023-06-05,128768606277
2023-06-06,128634295777
2023-06-07,128487699325
2023-06-08,128360181677
2023-06-09,128279669325
2023-06-10,127790754993
2023-06-11,127926193259
2023-06-12,127984088696
2023-06-13,127697723276
2023-06-14,127559408969
2023-06-15,127336855690
2023-06-16,128136945268
2023-06-17,128325882394
2023-06-18,127988897513
2023-06-19,127985635138
2023-06-20,128099603715
2023-06-21,128647589491
2023-06-22,128164024627
2023-06-23,128152201330
2023-06-24,128206046421
2023-06-25,128488626473
2023-06-26,128266719969
2023-06-27,128199350198
2023-06-28,128253857345
2023-06-29,127762528299
2023-06-30,127696126803
2023-07-01,127088380083
2023-07-02,127066828482
2023-07-03,127110699448
2023-07-04,127297876207
2023-07-05,127420692365
2023-07-06,127253062727
2023-07-07,126793981553
2023-07-08,126790389101
2023-07-09,126812683815
2023-07-10,126706340037
2023-07-11,126613586102
2023-07-12,126462339306
2023-07-13,126329651268
2023-07-14,126598324525
2023-07-15,126614821831
2023-07-16,126662902641
2023-07-17,126581288602
2023-07-18,126421281412
2023-07-19,126361242382
2023-07-20,126087049767
2023-07-21,126046063882
2023-07-22,125893021769
2023-07-23,125891829858
2023-07-24,125792659517
2023-07-25,125599210218
2023-07-26,125513024946
2023-07-27,125490996957
2023-07-28,125320416785
2023-07-29,125158144769
2023-07-30,125400346941
2023-07-31,125275869934
2023-08-01,125210740962
2023-08-02,124991322409
2023-08-03,124819044906
2023-08-04,124567396680
2023-08-05,124313963282
2023-08-06,124348346873
2023-08-07,124301871611
2023-08-08,124162214646
2023-08-09,124384601724
2023-08-10,124285507588
2023-08-11,124030372626
2023-08-12,123931009927
2023-08-13,124042323821
2023-08-14,124075359010
2023-08-15,123627747939
2023-08-16,123335304802
2023-08-17,123030572214
2023-08-18,123012242741
2023-08-19,122660540921
2023-08-20,122877645464
2023-08-21,122997339160
2023-08-22,124056504405
2023-08-23,123951660114
2023-08-24,123991720072
2023-08-25,124056023295
2023-08-26,124100056074
2023-08-27,124112326374
2023-08-28,124224026630
2023-08-29,124282763061
2023-08-30,124716260826
2023-08-31,124842345255
2023-09-01,124857422696
2023-09-02,124851396659
2023-09-03,124844882378
2023-09-04,124881384157
2023-09-05,124621537377
2023-09-06,124164753687
2023-09-07,123979226402
2023-09-08,123755131754
2023-09-09,123879024531
2023-09-10,123949683291
2023-09-11,124118973773
2023-09-12,123888598516
2023-09-13,124031159518
2023-09-14,124045053187
2023-09-15,124016889579
2023-09-16,123888049181
2023-09-17,123985604359
2023-09-18,124011406235
2023-09-19,123952475546
2023-09-20,124073751114
2023-09-21,124062274685
2023-09-22,123992125119
2023-09-23,124071821734
2023-09-24,124084379622
2023-09-25,124129856904
2023-09-26,123913314418
2023-09-27,123780062851
2023-09-28,123702780585
2023-09-29,123888758903
2023-09-30,123444764341
2023-10-01,123559096211
2023-10-02,123590096529
2023-10-03,123766591747
2023-10-04,123613379470
2023-10-05,123479583561
2023-10-06,123655656671
2023-10-07,123915345838
2023-10-08,123903415258
2023-10-09,123968708195
2023-10-10,124019782417
2023-10-11,123715682819
2023-10-12,123492177938
2023-10-13,123279382689
2023-10-14,123274463607
2023-10-15,123326762798
2023-10-16,123394960965
2023-10-17,123454281528
2023-10-18,123648473815
2023-10-19,123878948006
2023-10-20,124473939179
2023-10-21,124385922792
2023-10-22,124357431582
2023-10-23,124320478445
2023-10-24,124612775396
2023-10-25,123844771289
2023-10-26,124244517876
2023-10-27,124238501585
2023-10-28,124066758161
2023-10-29,124079372600
2023-10-30,124200941192
2023-10-31,124019259136
2023-11-01,123921496687
2023-11-02,124186880655
2023-11-03,124071658563
2023-11-04,124447419460
2023-11-05,124599205619
2023-11-06,124665158880
2023-11-07,124705989955
2023-11-08,125041308908
2023-11-09,124993572474
2023-11-10,125129744609
2023-11-11,125421283159
2023-11-12,125485839622
2023-11-13,125498803548
2023-11-14,125658599822
2023-11-15,125510088220
2023-11-16,125842129660
2023-11-17,126168825114
2023-11-18,126357059298
2023-11-19,126517640962
2023-11-20,126505230456
2023-11-21,126972799960
2023-11-22,127062090235
2023-11-23,127088047828
2023-11-24,127078473399
2023-11-25,127708642709
2023-11-26,127689186462
2023-11-27,127659192560
2023-11-28,127504637037
2023-11-29,127791558541
2023-11-30,127872677032
2023-12-01,127968051070
2023-12-02,128130171206
2023-12-03,128194688880
2023-12-04,128316028980
2023-12-05,128123530940
2023-12-06,128402107082
2023-12-07,128429375129
2023-12-08,128415724629
2023-12-09,128597871002
2023-12-10,128921955217
2023-12-11,128891604623
2023-12-12,128691922598
2023-12-13,128052798499
2023-12-14,128473964726
2023-12-15,128657033608
2023-12-16,128905137460
2023-12-17,129063637629
2023-12-18,129015031925
2023-12-19,128970939315
2023-12-20,129422664867
2023-12-21,129768206142
2023-12-22,129750972047
2023-12-23,130096467058
2023-12-24,130264758238
2023-12-25,130205189562
2023-12-26,130165114766
2023-12-27,129856434758
2023-12-28,130308051436
2023-12-29,130127450544
2023-12-30,130222897841
2023-12-31,130124866033
2024-01-01,129859457422
2024-01-02,130383535367
2024-01-03,130519519721
2024-01-04,131058332221
2024-01-05,131747014371
2024-01-06,132162262901
2024-01-07,132540969560
2024-01-08,132468055239
2024-01-09,132747450537
2024-01-10,132718468383
2024-01-11,133174089322
2024-01-12,133492919418
2024-01-13,132848084114
2024-01-14,133483939213
2024-01-15,133643690196
2024-01-16,133328810363
2024-01-17,133303152738
2024-01-18,133838153607
2024-01-19,133212160698
2024-01-20,133382766867
2024-01-21,133601080444
2024-01-22,133323162976
2024-01-23,133469762719
2024-01-24,134264178990
2024-01-25,134096302686
2024-01-26,134283564758
2024-01-27,134504985266
2024-01-28,134577707161
2024-01-29,134639409625
2024-01-30,134961628533
2024-01-31,134774487698
2024-02-01,134810889312
2024-02-02,135182189276
2024-02-03,135156862056
2024-02-04,135114784659
2024-02-05,135192933985
2024-02-06,135037122383
2024-02-07,135376172995
2024-02-08,135691616402
2024-02-09,135990760111
2024-02-10,136216578607
2024-02-11,136487499462
2024-02-12,136712929476
2024-02-13,136308364561
2024-02-14,136494948959
2024-02-15,137454984610
2024-02-16,137286546850
2024-02-17,137643068398
2024-02-18,137833718894
2024-02-19,137729551309
2024-02-20,137733094582
2024-02-21,137830847596
2024-02-22,137864502674
2024-02-23,138222591671
2024-02-24,138844487107
2024-02-25,138604888095
2024-02-26,138717009231
2024-02-27,139171411289
2024-02-28,139745563867
2024-02-29,140219483545
2024-03-01,140771887477
2024-03-02,141327289263
2024-03-03,141416665777
2024-03-04,141814692822
2024-03-05,142022023732
2024-03-06,142187077061
2024-03-07,142510030337
2024-03-08,143027623142
2024-03-09,144231334178
2024-03-10,144529954882
2024-03-11,144758505698
2024-03-12,145499453854
2024-03-13,145754493537
2024-03-14,146558119311
2024-03-15,146828439516
2024-03-16,146743921596
2024-03-17,146876265044
2024-03-18,146550073394
2024-03-19,147255744345
2024-03-20,147644219456
2024-03-21,147164755910
2024-03-22,147728792148
2024-03-23,147773831456
2024-03-24,148106198281
2024-03-25,147928095798
2024-03-26,149255042173
2024-03-27,149550503421
2024-03-28,149509029523
2024-03-29,149754480031
2024-03-30,149961299512
2024-03-31,150193422084
2024-04-01,149929008420
2024-04-02,150352360852
2024-04-03,151003445464
2024-04-04,152385591005
2024-04-05,153261138879
2024-04-06,154361665751
2024-04-07,154389293646
2024-04-08,154165741442
2024-04-09,154194431925
2024-04-10,153988841857
2024-04-11,153698116691
2024-04-12,154295198853
2024-04-13,154501512423
2024-04-14,155113141580
2024-04-15,155140490618
2024-04-16,155686992301
2024-04-17,156678799557
2024-04-18,154386300345
2024-04-19,157622908528
2024-04-20,156298771467
2024-04-21,156414822154
2024-04-22,158592308619
2024-04-23,159144341338
2024-04-24,159087665433
2024-04-25,159628474575
2024-04-26,159669250332
2024-04-27,159460408109
2024-04-28,159635488627
2024-04-29,159629015966
2024-04-30,159351506461
2024-05-01,159511423624
2024-05-02,159147948330
2024-05-03,159283121311
2024-05-04,159923840868
2024-05-05,160223280010
2024-05-06,160208899730
2024-05-07,160155737430
2024-05-08,159899088181
2024-05-09,159791335824
2024-05-10,159836302986
2024-05-11,159627637026
2024-05-12,159758925132
2024-05-13,159715868217
2024-05-14,159807398413
2024-05-15,159587414539
2024-05-16,160154657934
2024-05-17,160297770834
2024-05-18,160546420835
2024-05-19,160883125228
2024-05-20,160837532395
2024-05-21,160541672825
2024-05-22,160615860858
2024-05-23,160666393708
2024-05-24,160481010198
2024-05-25,160840074479
2024-05-26,160842185004
2024-05-27,160545664693
2024-05-28,160460410323
2024-05-29,160205854637
2024-05-30,159870652889
2024-05-31,160281823610
2024-06-01,160404173099
2024-06-02,160458331023
2024-06-03,160235408255
2024-06-04,160562612199
2024-06-05,160847562893
2024-06-06,161037854885
2024-06-07,161186293849
2024-06-08,161510433864
2024-06-09,161556342510
2024-06-10,161609542268
2024-06-11,161282870103
2024-06-12,161106382662
2024-06-13,161366264893
2024-06-14,161457126342
2024-06-15,161514830531
2024-06-16,161245180377
2024-06-17,161338151448
2024-06-18,161175143284
2024-06-19,161626331989
2024-06-20,161415971304
2024-06-21,161519610218
2024-06-22,161802128537
2024-06-23,161819802934
2024-06-24,161534043233
2024-06-25,161480169058
2024-06-26,161508060337
2024-06-27,161544966368
2024-06-28,161450403062
2024-06-29,161206848738
2024-06-30,161187235192
2024-07-01,160945037917
2024-07-02,161152098386
2024-07-03,161070872276
2024-07-04,161139126656
2024-07-05,161468357980
2024-07-06,161833630712
2024-07-07,161904968370
2024-07-08,161926295956
2024-07-09,161932628980
2024-07-10,162233807164
2024-07-11,162689450789
2024-07-12,162661908303
2024-07-13,162371731867
2024-07-14,162650575745
2024-07-15,163049763892
2024-07-16,163122301832
2024-07-17,163413061236
2024-07-18,163588206114
2024-07-19,163576284310
2024-07-20,164527516163
2024-07-21,164530568555
2024-07-22,164523908156
2024-07-23,164634383035
2024-07-24,164856853485
2024-07-25,164686391474
2024-07-26,164238783590
2024-07-27,164475350506
2024-07-28,164648418598
2024-07-29,164627073159
2024-07-30,164268357800
2024-07-31,164232620461
2024-08-01,164178253681
2024-08-02,163783124544
2024-08-03,163897394878
2024-08-04,163972499496
2024-08-05,164120959593
2024-08-06,164201344493
2024-08-07,164677308491
2024-08-08,166304815910
2024-08-09,165938485230
2024-08-10,166159933835
2024-08-11,165770346674
2024-08-12,166192290482
2024-08-13,166565469632
2024-08-14,166900785806
2024-08-15,167536872580
2024-08-16,167765770407
2024-08-17,168369225408
2024-08-18,168460010364
2024-08-19,168443132874
2024-08-20,168416129350
2024-08-21,168848538831
2024-08-22,169118178408
2024-08-23,169263047176
2024-08-24,169883581761
2024-08-25,170231397636
2024-08-26,170213266598
2024-08-27,169955364574
2024-08-28,169890982038
2024-08-29,170115356302
2024-08-30,170334445516
2024-08-31,170248452260
2024-09-01,169946916929
2024-09-02,170418397905
2024-09-03,170283831087
2024-09-04,169910551827
2024-09-05,170232423696
2024-09-06,169941539563
2024-09-07,169904818165
2024-09-08,170163319428
2024-09-09,170133481632
2024-09-10,170806850679
2024-09-11,170674813534
2024-09-12,170692881346
2024-09-13,170468448193
2024-09-14,171234624229
2024-09-15,171910975770
2024-09-16,171562484162
2024-09-17,171199690562
2024-09-18,171799005815
2024-09-19,172020046369
2024-09-20,171919152412
2024-09-21,172497426341
2024-09-22,172739970103
2024-09-23,172650832914
2024-09-24,172551430742
2024-09-25,172581260290
2024-09-26,172812618623
2024-09-27,173266001056
2024-09-28,173009394186
2024-09-29,173035277050
2024-09-30,173024265161
2024-10-01,172378242597
2024-10-02,172789567579
2024-10-03,172914918087
2024-10-04,172780036783
2024-10-05,172815426984
2024-10-06,173598107084
2024-10-07,172376510574
2024-10-08,172954814246
2024-10-09,173044523995
2024-10-10,173082822344
2024-10-11,172703121103
2024-10-12,173074844599
2024-10-13,173353448610
2024-10-14,173668844168
2024-10-15,172949914845
2024-10-16,173005694633
2024-10-17,172718746895
2024-10-18,172696563156
2024-10-19,173016199013
2024-10-20,173039022692
2024-10-21,172935767308
2024-10-22,173120828866
2024-10-23,172991391615
2024-10-24,172479951311
2024-10-25,171844545718
2024-10-26,172718733020
2024-10-27,172799454395
2024-10-28,173224136155
2024-10-29,172462649364
2024-10-30,173067100212
2024-10-31,173321405210
2024-11-01,172720022137
2024-11-02,173173741744
2024-11-03,173244129539
2024-11-04,173542155968
2024-11-05,174953362410
2024-11-06,175074116882
2024-11-07,176828482946
2024-11-08,177553806794
2024-11-09,178719506592
2024-11-10,178744309393
2024-11-11,180008780270
2024-11-12,180643657263
2024-11-13,180815870300
2024-11-14,181861806222
2024-11-15,184109981816
2024-11-16,184310585308
2024-11-17,184663762570
2024-11-18,185097558082
2024-11-19,185332603631
2024-11-20,186007041587
2024-11-21,187815100790
2024-11-22,188640926312
2024-11-23,190554226356
2024-11-24,192343276766
2024-11-25,192686091670
2024-11-26,191593207627
2024-11-27,191959798142
2024-11-28,193548032168
2024-11-29,194470785012
2024-11-30,195226961394
2024-12-01,193337865522
2024-12-02,193615271485
2024-12-03,194547160106
2024-12-04,194890717971
2024-12-05,196204128594
2024-12-06,196782568435
2024-12-07,197924964661
2024-12-08,198355887408
2024-12-09,199248240306
2024-12-10,199316394803
2024-12-11,199712913703
2024-12-12,201956479211
2024-12-13,202440302189
2024-12-14,203339773082
2024-12-15,203618879663
2024-12-16,203714779032
2024-12-17,204220381487
2024-12-18,204416930837
2024-12-19,204644643614
2024-12-20,205149267331
2024-12-21,205208138268
2024-12-22,205252435304
2024-12-23,205923285958
2024-12-24,205431454480
2024-12-25,205857005896
2024-12-26,206127176213
2024-12-27,206623296095
2024-12-28,206889357020
2024-12-29,206659537419
2024-12-30,206196093696
2024-12-31,205508945173
2025-01-01,204862085942
2025-01-02,204414239273
2025-01-03,206332544531
2025-01-04,208069367540
2025-01-05,208025095986
2025-01-06,207969539680
2025-01-07,208239493879
2025-01-08,207704601834
2025-01-09,207805062138
2025-01-10,207546916076
2025-01-11,207725589622
2025-01-12,207618946036
2025-01-13,207920775400
2025-01-14,207838764074
2025-01-15,208135939918
2025-01-16,208992402231
2025-01-17,209208658604
2025-01-18,210926734397
2025-01-19,210903162038
2025-01-20,211274463186
2025-01-21,211327644213
2025-01-22,214045422942
2025-01-23,215350656687
2025-01-24,216099776725
2025-01-25,216713990310
2025-01-26,216753703548
2025-01-27,216716409534
2025-01-28,216928285181
2025-01-29,217385746346
2025-01-30,217596957999
2025-01-31,218256562782
2025-02-01,218455297982
2025-02-02,218538308870
2025-02-03,218587607402
2025-02-04,219374469433
2025-02-05,222051413894
2025-02-06,223373931418
2025-02-07,223818420801
2025-02-08,224950101702
2025-02-09,225031718797
2025-02-10,225170762186
2025-02-11,225340132526
2025-02-12,225381304599
2025-02-13,225620900266
2025-02-14,225802033915
2025-02-15,226125861619
2025-02-16,226268946648
2025-02-17,226488723092
2025-02-18,226212139024
2025-02-19,226121604808
2025-02-20,226932674988
2025-02-21,226847231393
2025-02-22,227540893420
2025-02-23,227325818725
2025-02-24,227476345873
2025-02-25,226874207602
2025-02-26,225759348335
2025-02-27,225177413860
2025-02-28,225161346471
2025-03-01,226032239792
2025-03-02,225321535440
2025-03-03,225301666197
2025-03-04,225438430591
2025-03-05,225983312062
2025-03-06,226980107993
2025-03-07,227062875428
2025-03-08,228158110544
2025-03-09,228243600121
2025-03-10,228131178715
2025-03-11,227741734305
2025-03-12,228519466356
2025-03-13,228905841953
2025-03-14,229096993176
2025-03-15,229880901884
2025-03-16,230024790567
2025-03-17,229986039588
2025-03-18,230174803802
2025-03-19,230502140134
2025-03-20,231086392639
2025-03-21,230966122641
2025-03-22,231752488249
2025-03-23,232698950621
2025-03-24,233050253726
2025-03-25,234065976598
2025-03-26,235169756980
2025-03-27,235304008482
2025-03-28,234667415014
2025-03-29,234090413489
2025-03-30,234331224617
2025-03-31,234280359997
2025-04-01,234482506693
2025-04-02,234694398752
2025-04-03,235093001463
2025-04-04,235228590039
2025-04-05,234740041818
2025-04-06,234439352292
2025-04-07,233985200010
2025-04-08,233604922064
2025-04-09,233231576421
2025-04-10,233352338761
2025-04-11,233215133212
2025-04-12,233086923267
2025-04-13,233448462051
2025-04-14,233248483158
2025-04-15,233214398490
2025-04-16,233665967218
2025-04-17,233873583938
2025-04-18,234395500582
2025-04-19,233861505290
2025-04-20,233911644111
2025-04-21,234089508689
2025-04-22,234258292897
2025-04-23,235459611046
2025-04-24,235981504663
2025-04-25,237036149661
2025-04-26,237660904277
2025-04-27,238293846340
2025-04-28,239013370275
2025-04-29,239712171116
2025-04-30,241180558318
2025-05-01,241443031348
2025-05-02,241595190799
2025-05-03,242009915948
2025-05-04,242384151194
2025-05-05,242349797669
2025-05-06,242230388429
2025-05-07,241455689677
2025-05-08,241593575800
2025-05-09,242231928019
2025-05-10,242114218658
2025-05-11,242333204415
2025-05-12,242340949944
2025-05-13,241801338812
2025-05-14,241655195969
2025-05-15,242068304610
2025-05-16,242628688316
2025-05-17,243171324866
2025-05-18,243229088801
2025-05-19,243376340077
2025-05-20,243314587499
2025-05-21,243635195664
2025-05-22,244659945707
2025-05-23,245182899732
2025-05-24,245505979619
2025-05-25,245800229430
2025-05-26,245809475125
2025-05-27,246049062729
2025-05-28,245823269372
2025-05-29,245819342964
2025-05-30,245996577028
2025-05-31,246152829074
2025-06-01,246279761097
2025-06-02,246532178300
2025-06-03,247166214763
2025-06-04,247853456580
2025-06-05,248259559151
2025-06-06,248048037349
2025-06-07,248713663594
2025-06-08,249050714815
2025-06-09,249064344586
2025-06-10,249414859695
2025-06-11,249156371387
2025-06-12,249716927291
2025-06-13,249669631095
2025-06-14,250476235662
2025-06-15,250342978961
2025-06-16,250343752427
2025-06-17,250253487500
2025-06-18,250433347599
2025-06-19,250468503373
2025-06-20,250357108944
2025-06-21,250136197360
2025-06-22,250124339450
2025-06-23,250303511722
2025-06-24,249753988224
2025-06-25,251521813382
2025-06-26,251348306733
2025-06-27,251516649223
2025-06-28,251832635628
2025-06-29,252160684979
2025-06-30,252156075041
2025-07-01,252436561429
2025-07-02,252701295109
2025-07-03,253099356566
2025-07-04,253405556029
2025-07-05,253557849247
2025-07-06,253786353754
2025-07-07,253816961684
2025-07-08,253993865066
2025-07-09,253924548616
2025-07-10,254391044062
2025-07-11,255539216236
2025-07-12,256498056610
2025-07-13,256770065955
2025-07-14,256927551329
2025-07-15,256568742072
2025-07-16,255538105319
2025-07-17,258232245738
2025-07-18,259036778670
2025-07-19,259500666994
2025-07-20,259854885638
2025-07-21,260230805374
2025-07-22,260679793861
2025-07-23,261168600413
2025-07-24,262178016608
2025-07-25,263321813085
2025-07-26,263122159504
2025-07-27,263732040629
2025-07-28,264086538563
2025-07-29,264046832553
2025-07-30,264100899563
2025-07-31,264753188478
2025-08-01,265296404365
2025-08-02,265611555646
2025-08-03,265618068138
2025-08-04,266173591464
2025-08-05,266667049003
2025-08-06,266819317330
2025-08-07,266943255912
2025-08-08,267893912046
2025-08-09,268488601255
2025-08-10,269211348599
2025-08-11,268590418445
2025-08-12,269324122813
2025-08-13,270199052919
2025-08-14,271842819131
2025-08-15,273490776446
2025-08-16,275012191625
2025-08-17,274969547792
2025-08-18,275787797442
2025-08-19,275809872907
2025-08-20,275768730035
2025-08-21,276170600521
2025-08-22,275054879188
2025-08-23,274959484809
2025-08-24,276297166661
2025-08-25,276367793726
2025-08-26,278223279570
2025-08-27,278501310823
2025-08-28,279038094208
2025-08-29,281409654717
2025-08-30,281582855183
2025-08-31,281941634012
2025-09-01,282683580877
2025-09-02,282681532633
2025-09-03,281833686680
2025-09-04,283685493665
2025-09-05,286311079989
2025-09-06,284755171513
2025-09-07,284815630915
2025-09-08,284582333527
2025-09-09,284742995308
2025-09-10,285244618598
2025-09-11,285360538563
2025-09-12,286154626464
2025-09-13,287532205431
2025-09-14,288242889899
2025-09-15,288271532891
2025-09-16,288576772916
2025-09-17,289360339094
2025-09-18,289555420677
2025-09-19,290672558092
2025-09-20,291458918249
2025-09-21,291662617403
2025-09-22,291658297378
2025-09-23,292533032286
2025-09-24,293348903053
2025-09-25,294147467911
2025-09-26,294301623506
2025-09-27,295039258962
2025-09-28,295236658501
2025-09-29,295475854003
2025-09-30,296288435728
2025-10-01,297711509195
2025-10-02,298620207083
2025-10-03,299803945708
2025-10-04,301347928284
2025-10-05,301875004442
2025-10-06,301409280920
2025-10-07,302082744037
2025-10-08,302873738606
2025-10-09,302865680110
2025-10-10,303087796271
2025-10-11,303407820684
2025-10-12,302969445851
2025-10-13,303026027935
2025-10-14,303912951720
2025-10-15,305121751646
2025-10-16,305937187996
2025-10-17,306012985627
2025-10-18,306283443584
2025-10-19,306309301981
2025-10-20,306584931355
2025-10-21,306543890082
2025-10-22,307589700914
2025-10-23,306994254182
2025-10-24,307189531325
2025-10-25,307813582669
2025-10-26,307572767412
2025-10-27,307431437339
2025-10-28,307080607318
2025-10-29,307262600115
2025-10-30,306539425917
2025-10-31,306158378657
2025-11-01,306186718852
2025-11-02,306337491764
2025-11-03,306084353106
2025-11-04,306032473305
2025-11-05,304860356880
2025-11-06,304698498141
2025-11-07,303930599185
2025-11-08,304276969949
2025-11-09,303740059130
2025-11-10,303686063417
2025-11-11,303892514613
2025-11-12,304254897364
2025-11-13,304189908282
2025-11-14,303675333607
2025-11-15,302982210207
2025-11-16,302915132848
2025-11-17,302573948880
2025-11-18,302271020671
2025-11-19,302180870035
2025-11-20,301968203544
2025-11-21,301834514372
2025-11-22,301548089655
2025-11-23,301726683158
2025-11-24,301490151057
2025-11-25,302791477228
2025-11-26,303508650937
2025-11-27,304328734561
2025-11-28,304749730501
2025-11-29,305301311637
2025-11-30,305459277221
2025-12-01,305146339742
2025-12-02,305992011834
2025-12-03,306769527427
2025-12-04,306726702380
2025-12-05,307231526566
2025-12-06,307433872068
2025-12-07,307399686188
2025-12-08,307589762414
2025-12-09,307929743225
2025-12-10,308088446399
2025-12-11,308185091938
2025-12-12,309179285297
2025-12-13,309233103735
2025-12-14,309104075835
2025-12-15,308802549175
2025-12-16,308590662926
2025-12-17,308582020855
2025-12-18,308500025654
2025-12-19,307954884036
2025-12-20,308441665829
2025-12-21,309511910847
2025-12-22,308278451760
2025-12-23,308367858268
2025-12-24,307975495860
2025-12-25,307479007518
2025-12-26,307647869976
2025-12-27,307579959177
2025-12-28,307456085187
2025-12-29,307300304291
2025-12-30,307179570026
2025-12-31,306836888679
2026-01-01,306092323695
