datetime,market_cap,date,log_market_cap,log_return
2024-01-01 00:00:00+00:00,1724556588113.7185,2024-01-01,28.175991082999904,
2024-01-02 00:00:00+00:00,1791713491571.703,2024-01-02,28.214193535763375,0.03820245276347123
2024-01-03 00:00:00+00:00,1803289244630.796,2024-01-03,28.220633471371233,0.0064399356078581604
2024-01-04 00:00:00+00:00,1715511272131.7874,2024-01-04,28.17073226997925,-0.0499012013919824
2024-01-05 00:00:00+00:00,1763798520386.0608,2024-01-05,28.198490849521615,0.027758579542364714
2024-01-06 00:00:00+00:00,1749158338913.5452,2024-01-06,28.19015583897855,-0.008335010543063959
2024-01-07 00:00:00+00:00,1729724771784.4568,2024-01-07,28.17898342032778,-0.011172418650772897
2024-01-08 00:00:00+00:00,1713463776179.8215,2024-01-08,28.169538037786563,-0.009445382541215963
2024-01-09 00:00:00+00:00,1811372935229.5808,2024-01-09,28.22510620142065,0.05556816363408856
2024-01-10 00:00:00+00:00,1784757394063.8606,2024-01-10,28.210303608233335,-0.014802593187315694
2024-01-11 00:00:00+00:00,1855739499050.909,2024-01-11,28.249304384326905,0.039000776093569556
2024-01-12 00:00:00+00:00,1861251024122.0337,2024-01-12,28.25226997117794,0.002965586851036761
2024-01-13 00:00:00+00:00,1754982348900.704,2024-01-13,28.193479915189364,-0.05879005598857745
2024-01-14 00:00:00+00:00,1771655546824.6614,2024-01-14,28.202935562548102,0.009455647358738162
2024-01-15 00:00:00+00:00,1728799787243.2722,2024-01-15,28.178448519072948,-0.024487043475154735
2024-01-16 00:00:00+00:00,1756252196711.5986,2024-01-16,28.194203220824324,0.015754701751376388
2024-01-17 00:00:00+00:00,1777080311666.906,2024-01-17,28.20599285916528,0.011789638340957254
2024-01-18 00:00:00+00:00,1765644370244.5732,2024-01-18,28.199536821979027,-0.006456037186254093
2024-01-19 00:00:00+00:00,1709892165259.1938,2024-01-19,28.16745142320274,-0.0320853987762888
2024-01-20 00:00:00+00:00,1719760181077.7173,2024-01-20,28.17320596742672,0.005754544223982805
2024-01-21 00:00:00+00:00,1720552298603.465,2024-01-21,28.17366645905033,0.00046049162360972673
2024-01-22 00:00:00+00:00,1714569530348.3298,2024-01-22,28.170183162327653,-0.0034832967226776645
2024-01-23 00:00:00+00:00,1630701016261.484,2024-01-23,28.120031109619116,-0.05015205270853684
2024-01-24 00:00:00+00:00,1628101789636.0967,2024-01-24,28.118435905900828,-0.0015952037182884737
2024-01-25 00:00:00+00:00,1637708473290.2825,2024-01-25,28.124319108285338,0.0058832023845099
2024-01-26 00:00:00+00:00,1628781540805.2976,2024-01-26,28.118853330235755,-0.005465778049583037
2024-01-27 00:00:00+00:00,1690357356124.3972,2024-01-27,28.155961075838473,0.03710774560271801
2024-01-28 00:00:00+00:00,1700721844596.939,2024-01-28,28.162073891336295,0.006112815497822055
2024-01-29 00:00:00+00:00,1696201211599.8423,2024-01-29,28.15941228517622,-0.0026616061600748253
2024-01-30 00:00:00+00:00,1743725098344.5234,2024-01-30,28.18704480189485,0.02763251671862932
2024-01-31 00:00:00+00:00,1727018514400.4976,2024-01-31,28.17741763559179,-0.009627166303058488
2024-02-01 00:00:00+00:00,1685569255000.0718,2024-02-01,28.153124459474167,-0.024293176117623716
2024-02-02 00:00:00+00:00,1724291152003.6208,2024-02-02,28.17583715558378,0.02271269610961113
2024-02-03 00:00:00+00:00,1730067353959.1013,2024-02-03,28.179181456604706,0.0033443010209275315
2024-02-04 00:00:00+00:00,1708596709357.666,2024-02-04,28.166693511733047,-0.012487944871658385
2024-02-05 00:00:00+00:00,1707216987973.1772,2024-02-05,28.165885668225307,-0.0008078435077401025
2024-02-06 00:00:00+00:00,1714195536471.734,2024-02-06,28.16996501155279,0.004079343327482832
2024-02-07 00:00:00+00:00,1737446417929.4849,2024-02-07,28.183437575308105,0.013472563755314582
2024-02-08 00:00:00+00:00,1782652682283.601,2024-02-08,28.209123641826658,0.025686066518552764
2024-02-09 00:00:00+00:00,1806165122687.328,2024-02-09,28.222226996803297,0.013103354976639281
2024-02-10 00:00:00+00:00,1866523865956.3232,2024-02-10,28.255098921694696,0.03287192489139912
2024-02-11 00:00:00+00:00,1883797236704.8591,2024-02-11,28.264310662461167,0.00921174076647091
2024-02-12 00:00:00+00:00,1895840303522.232,2024-02-12,28.270683288113904,0.00637262565273744
2024-02-13 00:00:00+00:00,1963477517456.759,2024-02-13,28.305738260660448,0.03505497254654344
2024-02-14 00:00:00+00:00,1954968364853.705,2024-02-14,28.301395127574445,-0.0043431330860030926
2024-02-15 00:00:00+00:00,2032927090608.7583,2024-02-15,28.340497786974833,0.03910265940038826
2024-02-16 00:00:00+00:00,2050314708732.8936,2024-02-16,28.34901441375149,0.008516626776657432
2024-02-17 00:00:00+00:00,2051270463498.7744,2024-02-17,28.34948045541248,0.00046604166098873634
2024-02-18 00:00:00+00:00,2036782179655.9248,2024-02-18,28.342392315524283,-0.007088139888196565
2024-02-19 00:00:00+00:00,2067199483427.472,2024-02-19,28.3572159006447,0.014823585120417704
2024-02-20 00:00:00+00:00,2078400749399.8672,2024-02-20,28.362619843428437,0.005403942783736682
2024-02-21 00:00:00+00:00,2095571587704.524,2024-02-21,28.370847466316665,0.00822762288822787
2024-02-22 00:00:00+00:00,2074274437037.9475,2024-02-22,28.36063253956541,-0.010214926751253017
2024-02-23 00:00:00+00:00,2062791744782.2527,2024-02-23,28.355081397167492,-0.005551142397919762
2024-02-24 00:00:00+00:00,2040833756788.3853,2024-02-24,28.34437954459585,-0.01070185257164269
2024-02-25 00:00:00+00:00,2080743368313.843,2024-02-25,28.363746334406102,0.019366789810252527
2024-02-26 00:00:00+00:00,2104818007110.23,2024-02-26,28.375250121895416,0.011503787489314021
2024-02-27 00:00:00+00:00,2188564616647.2048,2024-02-27,28.41426701868282,0.039016896787405386
2024-02-28 00:00:00+00:00,2254469784785.076,2024-02-28,28.44393593253769,0.029668913854870027
2024-02-29 00:00:00+00:00,2399339255860.8184,2024-02-29,28.506214505319683,0.06227857278199167
2024-03-01 00:00:00+00:00,2370379953175.6025,2024-03-01,28.494071376021676,-0.012143129298006983
2024-03-02 00:00:00+00:00,2439289015944.9897,2024-03-02,28.522727725864453,0.028656349842776763
2024-03-03 00:00:00+00:00,2458352158383.3857,2024-03-03,28.53051238710448,0.007784661240027191
2024-03-04 00:00:00+00:00,2494345850734.556,2024-03-04,28.545047626681452,0.014535239576972003
2024-03-05 00:00:00+00:00,2642085563619.9507,2024-03-05,28.602589707431576,0.05754208075012457
2024-03-06 00:00:00+00:00,2494718043232.378,2024-03-06,28.545196830021567,-0.057392877410009646
2024-03-07 00:00:00+00:00,2621485154401.595,2024-03-07,28.594762125926216,0.04956529590464953
2024-03-08 00:00:00+00:00,2666699652919.7373,2024-03-08,28.61186273870867,0.01710061278245334
2024-03-09 00:00:00+00:00,2711862414352.9204,2024-03-09,28.628656752549023,0.016794013840353728
2024-03-10 00:00:00+00:00,2732719748734.833,2024-03-10,28.636318474160568,0.007661721611544436
2024-03-11 00:00:00+00:00,2740237696356.75,2024-03-11,28.639065783061085,0.002747308900516998
2024-03-12 00:00:00+00:00,2857988126601.24,2024-03-12,28.681139040984363,0.04207325792327765
2024-03-13 00:00:00+00:00,2830685723208.364,2024-03-13,28.671540103253196,-0.009598937731166046
2024-03-14 00:00:00+00:00,2899092338874.418,2024-03-14,28.695418817335423,0.023878714082226082
2024-03-15 00:00:00+00:00,2845808438010.805,2024-03-15,28.676868304128735,-0.018550513206687214
2024-03-16 00:00:00+00:00,2765386674962.223,2024-03-16,28.648201587404554,-0.02866671672418164
2024-03-17 00:00:00+00:00,2600319276842.908,2024-03-17,28.586655352202566,-0.06154623520198754
2024-03-18 00:00:00+00:00,2722744015562.6875,2024-03-18,28.632661316961194,0.046005964758627726
2024-03-19 00:00:00+00:00,2664829646137.9966,2024-03-19,28.61116124885331,-0.021500068107883408
2024-03-20 00:00:00+00:00,2440180573851.804,2024-03-20,28.523093158172344,-0.08806809068096655
2024-03-21 00:00:00+00:00,2678013485592.761,2024-03-21,28.61609639888043,0.09300324070808585
2024-03-22 00:00:00+00:00,2615764425274.934,2024-03-22,28.592577493968214,-0.023518904912215532
2024-03-23 00:00:00+00:00,2543381659529.448,2024-03-23,28.564515673501887,-0.028061820466326992
2024-03-24 00:00:00+00:00,2562325446282.575,2024-03-24,28.57193633954903,0.007420666047142532
2024-03-25 00:00:00+00:00,2671106101965.3247,2024-03-25,28.613513772953414,0.04157743340438458
2024-03-26 00:00:00+00:00,2768518935243.101,2024-03-26,28.649333612717594,0.03581983976418002
2024-03-27 00:00:00+00:00,2773865878474.4067,2024-03-27,28.651263087147772,0.0019294744301774358
2024-03-28 00:00:00+00:00,2744104632907.473,2024-03-28,28.640475956591246,-0.010787130556526137
2024-03-29 00:00:00+00:00,2792547531527.479,2024-03-29,28.65797538888277,0.017499432291526062
2024-03-30 00:00:00+00:00,2774848448177.74,2024-03-30,28.651617248366303,-0.006358140516468325
2024-03-31 00:00:00+00:00,2759291466930.8667,2024-03-31,28.64599504782058,-0.005622200545722933
2024-04-01 00:00:00+00:00,2837692766057.777,2024-04-01,28.674012431603128,0.028017383782547256
2024-04-02 00:00:00+00:00,2751302677395.7974,2024-04-02,28.64309561631739,-0.030916815285738863
2024-04-03 00:00:00+00:00,2591298837589.575,2024-04-03,28.58318034763489,-0.059915268682498635
2024-04-04 00:00:00+00:00,2608190958636.7373,2024-04-04,28.58967797764865,0.006497630013758027
2024-04-05 00:00:00+00:00,2677526176562.248,2024-04-05,28.61591441571436,0.02623643806571252
2024-04-06 00:00:00+00:00,2648952961508.298,2024-04-06,28.605185568985814,-0.010728846728547126
2024-04-07 00:00:00+00:00,2690072827803.024,2024-04-07,28.620589382708538,0.015403813722723925
2024-04-08 00:00:00+00:00,2723578563210.0483,2024-04-08,28.63296777976865,0.012378397060111013
2024-04-09 00:00:00+00:00,2823440834759.471,2024-04-09,28.668977411265455,0.036009631496806804
2024-04-10 00:00:00+00:00,2718278031969.92,2024-04-10,28.631019719277276,-0.03795769198817922
2024-04-11 00:00:00+00:00,2752254035040.9136,2024-04-11,28.643441340983927,0.012421621706650399
2024-04-12 00:00:00+00:00,2734902187072.148,2024-04-12,28.63711678775242,-0.0063245532315079345
2024-04-13 00:00:00+00:00,2567805134995.136,2024-04-13,28.574072616865838,-0.06304417088658099
2024-04-14 00:00:00+00:00,2402455496104.68,2024-04-14,28.5075124536254,-0.0665601632404389
2024-04-15 00:00:00+00:00,2501542655372.0366,2024-04-15,28.547928719646954,0.04041626602155546
2024-04-16 00:00:00+00:00,2424559328359.5034,2024-04-16,28.516670903540746,-0.03125781610620848
2024-04-17 00:00:00+00:00,2425710196409.2705,2024-04-17,28.517145461940228,0.0004745583994818503
2024-04-18 00:00:00+00:00,2345642878905.4795,2024-04-18,28.483580629041864,-0.03356483289836376
2024-04-19 00:00:00+00:00,2424224040602.1606,2024-04-19,28.516532605855588,0.03295197681372386
2024-04-20 00:00:00+00:00,2437123021308.6675,2024-04-20,28.521839369932994,0.0053067640774067115
2024-04-21 00:00:00+00:00,2511439720163.9453,2024-04-21,28.551877298321074,0.030037928388079393
2024-04-22 00:00:00+00:00,2501771907511.48,2024-04-22,28.548020359753416,-0.003856938567658119
2024-04-23 00:00:00+00:00,2570872809846.3325,2024-04-23,28.57526657190585,0.02724621215243417
2024-04-24 00:00:00+00:00,2572490324843.035,2024-04-24,28.575895543653584,0.0006289717477336865
2024-04-25 00:00:00+00:00,2494255906278.397,2024-04-25,28.545011566694885,-0.030883976958698156
2024-04-26 00:00:00+00:00,2503787308485.9688,2024-04-26,28.548825624858242,0.0038140581633570037
2024-04-27 00:00:00+00:00,2467573322040.237,2024-04-27,28.53425632292512,-0.014569301933121892
2024-04-28 00:00:00+00:00,2481899672069.247,2024-04-28,28.540045379681736,0.005789056756615452
2024-04-29 00:00:00+00:00,2474448044499.3315,2024-04-29,28.537038474754752,-0.0030069049269840775
2024-04-30 00:00:00+00:00,2477307756355.3643,2024-04-30,28.538193504319608,0.001155029564856136
2024-05-01 00:00:00+00:00,2350945956539.1533,2024-05-01,28.48583889778677,-0.05235460653283752
2024-05-02 00:00:00+00:00,2306433952972.984,2024-05-02,28.46672370436108,-0.01911519342569079
2024-05-03 00:00:00+00:00,2327936613502.946,2024-05-03,28.476003417550313,0.009279713189233263
2024-05-04 00:00:00+00:00,2450114098222.6,2024-05-04,28.527155710103905,0.051152292553592105
2024-05-05 00:00:00+00:00,2478408020391.8823,2024-05-05,28.538637542720583,0.011481832616677679
2024-05-06 00:00:00+00:00,2488560440925.624,2024-05-06,28.542725523045558,0.004087980324975149
2024-05-07 00:00:00+00:00,2457239064301.187,2024-05-07,28.530059504002207,-0.012666019043351184
2024-05-08 00:00:00+00:00,2420435368466.8945,2024-05-08,28.514968544241462,-0.015090959760744482
2024-05-09 00:00:00+00:00,2381291194703.706,2024-05-09,28.49866397528489,-0.01630456895657062
2024-05-10 00:00:00+00:00,2447814406654.54,2024-05-10,28.526216663429473,0.02755268814458134
2024-05-11 00:00:00+00:00,2365356372589.071,2024-05-11,28.49194981260461,-0.03426685082486358
2024-05-12 00:00:00+00:00,2366778386280.668,2024-05-12,28.49255081566427,0.0006010030596605986
2024-05-13 00:00:00+00:00,2381534202695.079,2024-05-13,28.49876601891291,0.006215203248640222
2024-05-14 00:00:00+00:00,2414081944098.4946,2024-05-14,28.512340183387533,0.013574164474622563
2024-05-15 00:00:00+00:00,2358424177747.958,2024-05-15,28.48901479064768,-0.0233253927398529
2024-05-16 00:00:00+00:00,2513511718724.559,2024-05-16,28.552701982381503,0.06368719173382331
2024-05-17 00:00:00+00:00,2473069073449.1694,2024-05-17,28.536481035112608,-0.016220947268895003
2024-05-18 00:00:00+00:00,2551492289172.3955,2024-05-18,28.5676995153696,0.031218480256992365
2024-05-19 00:00:00+00:00,2552371332532.059,2024-05-19,28.568043977304132,0.00034446193453163687
2024-05-20 00:00:00+00:00,2517685276383.384,2024-05-20,28.554361054216773,-0.013682923087358745
2024-05-21 00:00:00+00:00,2751705122558.096,2024-05-21,28.6432418800254,0.08888082580862644
2024-05-22 00:00:00+00:00,2743130264362.5933,2024-05-22,28.640120816498516,-0.0031210635268834608
2024-05-23 00:00:00+00:00,2710136568424.645,2024-05-23,28.628020143803045,-0.012100672695471104
2024-05-24 00:00:00+00:00,2679418216281.5386,2024-05-24,28.616620803408246,-0.011399340394799395
2024-05-25 00:00:00+00:00,2682365023271.6357,2024-05-25,28.61771999267239,0.0010991892641456502
2024-05-26 00:00:00+00:00,2710202598636.336,2024-05-26,28.6280445076702,0.01032451499780862
2024-05-27 00:00:00+00:00,2698036836385.431,2024-05-27,28.623545526840118,-0.004498980830081933
2024-05-28 00:00:00+00:00,2741213318203.85,2024-05-28,28.639421755176794,0.015876228336676235
2024-05-29 00:00:00+00:00,2707025795172.9585,2024-05-29,28.626871655578096,-0.012550099598698239
2024-05-30 00:00:00+00:00,2668659684765.78,2024-05-30,28.612597471576752,-0.014274184001344281
2024-05-31 00:00:00+00:00,2677635519148.375,2024-05-31,28.615955252048483,0.0033577804717310755
2024-06-01 00:00:00+00:00,2662212661565.1094,2024-06-01,28.610178720601326,-0.005776531447157396
2024-06-02 00:00:00+00:00,2675505464747.7173,2024-06-02,28.61515943721025,0.004980716608923075
2024-06-03 00:00:00+00:00,2667159114711.328,2024-06-03,28.61203501990798,-0.0031244173022670907
2024-06-04 00:00:00+00:00,2693986405879.7305,2024-06-04,28.622043147831135,0.010008127923153864
2024-06-05 00:00:00+00:00,2760135697861.1694,2024-06-05,28.64630096034073,0.024257812509596022
2024-06-06 00:00:00+00:00,2787597416153.991,2024-06-06,28.656201199603327,0.009900239262595534
2024-06-07 00:00:00+00:00,2768094002203.2334,2024-06-07,28.64918011344087,-0.007021086162456669
2024-06-08 00:00:00+00:00,2687034389072.405,2024-06-08,28.619459243795003,-0.02972086964586751
2024-06-09 00:00:00+00:00,2671623881662.063,2024-06-09,28.613707598843902,-0.005751644951100587
2024-06-10 00:00:00+00:00,2689135476201.3022,2024-06-10,28.620240873575508,0.006533274731605587
2024-06-11 00:00:00+00:00,2663685674707.254,2024-06-11,28.610731871670573,-0.009509001904934422
2024-06-12 00:00:00+00:00,2568613303586.4004,2024-06-12,28.57438729862613,-0.03634457304444183
2024-06-13 00:00:00+00:00,2619038427454.4043,2024-06-13,28.593828353914027,0.019441055287895637
2024-06-14 00:00:00+00:00,2550841281874.764,2024-06-14,28.567444335149766,-0.02638401876426144
2024-06-15 00:00:00+00:00,2527105250665.962,2024-06-15,28.558095593908867,-0.009348741240899017
2024-06-16 00:00:00+00:00,2548634535657.888,2024-06-16,28.566578855467704,0.00848326155883683
2024-06-17 00:00:00+00:00,2571400828427.032,2024-06-17,28.575471935766156,0.008893080298452816
2024-06-18 00:00:00+00:00,2527749628550.808,2024-06-18,28.55835054796936,-0.017121387796795062
2024-06-19 00:00:00+00:00,2475553933251.352,2024-06-19,28.53748529832185,-0.020865249647510353
2024-06-20 00:00:00+00:00,2491049459104.8486,2024-06-20,28.543725207131853,0.006239908810002248
2024-06-21 00:00:00+00:00,2480955966691.6504,2024-06-21,28.539665072270978,-0.0040601348608753085
2024-06-22 00:00:00+00:00,2465502992264.163,2024-06-22,28.53341695626395,-0.006248116007029125
2024-06-23 00:00:00+00:00,2465597560716.3022,2024-06-23,28.53345531218516,3.83559212124851e-05
2024-06-24 00:00:00+00:00,2417764737842.633,2024-06-24,28.513864567209996,-0.01959074497516511
2024-06-25 00:00:00+00:00,2348776563487.889,2024-06-25,28.48491569723776,-0.028948869972236224
2024-06-26 00:00:00+00:00,2402059222262.0864,2024-06-26,28.507347494678772,0.02243179744101198
2024-06-27 00:00:00+00:00,2371843822638.94,2024-06-27,28.494688752838563,-0.012658741840208876
2024-06-28 00:00:00+00:00,2414530955049.749,2024-06-28,28.51252616265815,0.017837409819588146
2024-06-29 00:00:00+00:00,2359706237106.8823,2024-06-29,28.489558251416142,-0.022967911242009365
2024-06-30 00:00:00+00:00,2369867265843.528,2024-06-30,28.493855063534,0.004296812117857485
2024-07-01 00:00:00+00:00,2428909123856.2007,2024-07-01,28.51846335226237,0.024608288728369843
2024-07-02 00:00:00+00:00,2432380307505.398,2024-07-02,28.519891444248312,0.0014280919859430696
2024-07-03 00:00:00+00:00,2418882191207.217,2024-07-03,28.51432664492659,-0.005564799321721381
2024-07-04 00:00:00+00:00,2337224159558.9487,2024-07-04,28.47998508454013,-0.03434156038646208
2024-07-05 00:00:00+00:00,2194595798232.819,2024-07-05,28.417018998907647,-0.06296608563248185
2024-07-06 00:00:00+00:00,2173616955154.9456,2024-07-06,28.40741369552267,-0.009605303384976338
2024-07-07 00:00:00+00:00,2251689382355.3228,2024-07-07,28.442701887010458,0.035288191487786946
2024-07-08 00:00:00+00:00,2144300677276.1096,2024-07-08,28.39383459057106,-0.04886729643939702
2024-07-09 00:00:00+00:00,2192606862659.1875,2024-07-09,28.4161123001004,0.02227770952934094
2024-07-10 00:00:00+00:00,2235783770148.644,2024-07-10,28.43561296267616,0.019500662575758554
2024-07-11 00:00:00+00:00,2239023949044.5786,2024-07-11,28.437061149800858,0.0014481871246978528
2024-07-12 00:00:00+00:00,2225186596051.1025,2024-07-12,28.43086189142417,-0.006199258376689443
2024-07-13 00:00:00+00:00,2251337130632.5264,2024-07-13,28.442545435911402,0.011683544487233632
2024-07-14 00:00:00+00:00,2294712816503.1045,2024-07-14,28.461628817189787,0.019083381278385048
2024-07-15 00:00:00+00:00,2344876847192.5547,2024-07-15,28.483253999259038,0.02162518206925057
2024-07-16 00:00:00+00:00,2499452525079.902,2024-07-16,28.547092833852858,0.06383883459382034
2024-07-17 00:00:00+00:00,2498855494388.134,2024-07-17,28.546853940734515,-0.0002388931183432419
2024-07-18 00:00:00+00:00,2465728644570.286,2024-07-18,28.533508475917817,-0.013345464816698183
2024-07-19 00:00:00+00:00,2465784965562.9805,2024-07-19,28.533531317177985,2.284126016860455e-05
2024-07-20 00:00:00+00:00,2551523408101.799,2024-07-20,28.5677117116595,0.03418039448151333
2024-07-21 00:00:00+00:00,2569605652605.118,2024-07-21,28.57477356049606,0.007061848836560358
2024-07-22 00:00:00+00:00,2606335152304.973,2024-07-22,28.588966194307027,0.014192633810967692
2024-07-23 00:00:00+00:00,2561322635713.9966,2024-07-23,28.571544895575776,-0.01742129873125009
2024-07-24 00:00:00+00:00,2520598370713.5366,2024-07-24,28.55551743796125,-0.016027457614526952
2024-07-25 00:00:00+00:00,2485278461575.236,2024-07-25,28.541405826171154,-0.01411161179009568
2024-07-26 00:00:00+00:00,2460680794680.3784,2024-07-26,28.531459173390793,-0.009946652780360665
2024-07-27 00:00:00+00:00,2539366197016.792,2024-07-27,28.56293563708797,0.03147646369717805
2024-07-28 00:00:00+00:00,2535234651422.901,2024-07-28,28.561307313351715,-0.0016283237362557657
2024-07-29 00:00:00+00:00,2540636587775.792,2024-07-29,28.563435790666347,0.002128477314631283
2024-07-30 00:00:00+00:00,2508366252400.4214,2024-07-30,28.55065276168983,-0.01278302897651784
2024-07-31 00:00:00+00:00,2484932679859.7866,2024-07-31,28.5412666845105,-0.009386077179328822
2024-08-01 00:00:00+00:00,2436234724558.665,2024-08-01,28.52147481768538,-0.019791866825119797
2024-08-02 00:00:00+00:00,2440471681465.3027,2024-08-02,28.52321244862723,0.001737630941850199
2024-08-03 00:00:00+00:00,2293120321787.64,2024-08-03,28.460934591950366,-0.062277856676864474
2024-08-04 00:00:00+00:00,2248752196679.2144,2024-08-04,28.441396599055242,-0.019537992895124034
2024-08-05 00:00:00+00:00,2143089980521.9824,2024-08-05,28.393269819649564,-0.04812677940567767
2024-08-06 00:00:00+00:00,1992211977593.0327,2024-08-06,28.320266683883673,-0.0730031357658909
2024-08-07 00:00:00+00:00,2064872266524.0483,2024-08-07,28.35608948402354,0.03582280013986505
2024-08-08 00:00:00+00:00,2027177751410.4607,2024-08-08,28.33766567141876,-0.01842381260478021
2024-08-09 00:00:00+00:00,2249398464560.7554,2024-08-09,28.44168394731663,0.1040182758978716
2024-08-10 00:00:00+00:00,2216638153862.4004,2024-08-10,28.427012818926254,-0.014671128390375543
2024-08-11 00:00:00+00:00,2223527079397.683,2024-08-11,28.43011582554919,0.0031030066229362774
2024-08-12 00:00:00+00:00,2143832077244.8545,2024-08-12,28.39361603388919,-0.03649979165999895
2024-08-13 00:00:00+00:00,2198106130568.116,2024-08-13,28.418617255807128,0.02500122191793608
2024-08-14 00:00:00+00:00,2225519262484.355,2024-08-14,28.43101138071618,0.012394124909050674
2024-08-15 00:00:00+00:00,2177211282146.1443,2024-08-15,28.409065945445146,-0.02194543527103221
2024-08-16 00:00:00+00:00,2129839403101.3003,2024-08-16,28.387067695202315,-0.021998250242830863
2024-08-17 00:00:00+00:00,2159352360963.2236,2024-08-17,28.400829459778357,0.013761764576042168
2024-08-18 00:00:00+00:00,2183520948970.7285,2024-08-18,28.411959804042045,0.01113034426368742
2024-08-19 00:00:00+00:00,2160339626670.142,2024-08-19,28.401286559834073,-0.010673244207971777
2024-08-20 00:00:00+00:00,2196063770401.1675,2024-08-20,28.417687678498993,0.016401118664919778
2024-08-21 00:00:00+00:00,2182734349394.3752,2024-08-21,28.41159949547962,-0.006088183019372195
2024-08-22 00:00:00+00:00,2244981134767.5776,2024-08-22,28.43971823386589,0.02811873838626866
2024-08-23 00:00:00+00:00,2235371491554.642,2024-08-23,28.435428545642512,-0.004289688223376942
2024-08-24 00:00:00+00:00,2359090681364.55,2024-08-24,28.489297356210667,0.0538688105681544
2024-08-25 00:00:00+00:00,2366807542626.262,2024-08-25,28.492563134589513,0.003265778378846562
2024-08-26 00:00:00+00:00,2357294058726.541,2024-08-26,28.488535491848907,-0.0040276427406062965
2024-08-27 00:00:00+00:00,2299326901529.0425,2024-08-27,28.46363754452373,-0.024897947325175807
2024-08-28 00:00:00+00:00,2177931382010.5027,2024-08-28,28.40939663489734,-0.05424090962639028
2024-08-29 00:00:00+00:00,2174964802589.8352,2024-08-29,28.408033597620935,-0.001363037276405521
2024-08-30 00:00:00+00:00,2180330110541.573,2024-08-30,28.41049740811959,0.002463810498653629
2024-08-31 00:00:00+00:00,2173325941374.0452,2024-08-31,28.407279801984956,-0.0032176061346333995
2024-09-01 00:00:00+00:00,2163131828676.8225,2024-09-01,28.40257820818828,-0.004701593796674786
2024-09-02 00:00:00+00:00,2099511893753.862,2024-09-02,28.372726002095746,-0.029852206092535027
2024-09-03 00:00:00+00:00,2166817587657.3408,2024-09-03,28.404280657578024,0.03155465548227809
2024-09-04 00:00:00+00:00,2099701297362.5295,2024-09-04,28.37281621118977,-0.0314644463882523
2024-09-05 00:00:00+00:00,2117737178059.0469,2024-09-05,28.38136926572861,0.00855305453883659
2024-09-06 00:00:00+00:00,2063169801226.4236,2024-09-06,28.355264654544477,-0.026104611184130988
2024-09-07 00:00:00+00:00,1986075121834.078,2024-09-07,28.31718150653307,-0.03808314801140611
2024-09-08 00:00:00+00:00,2004566522904.2048,2024-09-08,28.326448955260147,0.0092674487270763
2024-09-09 00:00:00+00:00,2031366829689.1316,2024-09-09,28.33972999752512,0.013281042264971177
2024-09-10 00:00:00+00:00,2100495027499.9287,2024-09-10,28.373194160259512,0.033464162734393454
2024-09-11 00:00:00+00:00,2122853143325.6409,2024-09-11,28.383782122128736,0.010587961869223506
2024-09-12 00:00:00+00:00,2104859818645.9587,2024-09-12,28.375269986377905,-0.008512135750830652
2024-09-13 00:00:00+00:00,2136380626443.6785,2024-09-13,28.39013421705209,0.014864230674184853
2024-09-14 00:00:00+00:00,2208246500658.981,2024-09-14,28.423219877903346,0.03308566085125619
2024-09-15 00:00:00+00:00,2190813773926.8413,2024-09-15,28.415294177003844,-0.007925700899502175
2024-09-16 00:00:00+00:00,2148552379630.5688,2024-09-16,28.395815419492195,-0.01947875751164929
2024-09-17 00:00:00+00:00,2117082212091.608,2024-09-17,28.38105994156986,-0.014755477922335558
2024-09-18 00:00:00+00:00,2174353106955.6404,2024-09-18,28.407752314141113,0.026692372571254452
2024-09-19 00:00:00+00:00,2218264284040.026,2024-09-19,28.427746151969437,0.019993837828323535
2024-09-20 00:00:00+00:00,2270535028368.2256,2024-09-20,28.45103661496648,0.023290462997042738
2024-09-21 00:00:00+00:00,2297985913999.4136,2024-09-21,28.46305416565809,0.012017550691609813
2024-09-22 00:00:00+00:00,2320569375133.292,2024-09-22,28.472833691812202,0.009779526154112261
2024-09-23 00:00:00+00:00,2313756684521.726,2024-09-23,28.46989358987229,-0.00294010193991312
2024-09-24 00:00:00+00:00,2326850111036.408,2024-09-24,28.47553658521166,0.005642995339371737
2024-09-25 00:00:00+00:00,2359305830319.501,2024-09-25,28.489388552003376,0.013851966791715853
2024-09-26 00:00:00+00:00,2318016468723.0933,2024-09-26,28.47173296553316,-0.017655586470215923
2024-09-27 00:00:00+00:00,2388831282789.241,2024-09-27,28.501825359253946,0.030092393720785537
2024-09-28 00:00:00+00:00,2422827081266.1416,2024-09-28,28.515956189663733,0.01413083040978691
2024-09-29 00:00:00+00:00,2417511856913.7485,2024-09-29,28.51375996887972,-0.0021962207840111603
2024-09-30 00:00:00+00:00,2411084769844.1504,2024-09-30,28.511097874129636,-0.0026620947500859415
2024-10-01 00:00:00+00:00,2333118454680.0933,2024-10-01,28.47822688122374,-0.032870992905895235
2024-10-02 00:00:00+00:00,2233437390739.1577,2024-10-02,28.434562945440224,-0.043663935783516905
2024-10-03 00:00:00+00:00,2206534566841.396,2024-10-03,28.42244433144828,-0.012118613991944471
2024-10-04 00:00:00+00:00,2201800998879.5347,2024-10-04,28.420296777247582,-0.0021475542006967885
2024-10-05 00:00:00+00:00,2256956845585.924,2024-10-05,28.4450384933268,0.024741716079216047
2024-10-06 00:00:00+00:00,2256190432054.051,2024-10-06,28.444698857373396,-0.00033963595340225083
2024-10-07 00:00:00+00:00,2285612691940.844,2024-10-07,28.457655240849327,0.012956383475930977
2024-10-08 00:00:00+00:00,2265205143374.8364,2024-10-08,28.448686441788656,-0.008968799060671273
2024-10-09 00:00:00+00:00,2265692885615.493,2024-10-09,28.448901737846708,0.00021529605805170604
2024-10-10 00:00:00+00:00,2212791310100.406,2024-10-10,28.425275870743448,-0.023625867103259424
2024-10-11 00:00:00+00:00,2209763722149.846,2024-10-11,28.423906712688233,-0.0013691580552155358
2024-10-12 00:00:00+00:00,2278790173237.0625,2024-10-12,28.45466579229,0.03075907960176849
2024-10-13 00:00:00+00:00,2308247269873.5176,2024-10-13,28.467509594829476,0.012843802539475035
2024-10-14 00:00:00+00:00,2297048460565.243,2024-10-14,28.462646136742194,-0.004863458087282169
2024-10-15 00:00:00+00:00,2406724858961.133,2024-10-15,28.50928795949659,0.046641822754395434
2024-10-16 00:00:00+00:00,2416733585732.765,2024-10-16,28.513437986391683,0.004150026895093362
2024-10-17 00:00:00+00:00,2426756367511.4204,2024-10-17,28.517576653419685,0.004138667028001919
2024-10-18 00:00:00+00:00,2411727558856.152,2024-10-18,28.511364436032522,-0.0062122173871621555
2024-10-19 00:00:00+00:00,2452946860172.242,2024-10-19,28.528311217771,0.01694678173847919
2024-10-20 00:00:00+00:00,2455046343284.846,2024-10-20,28.529166754098632,0.0008555363276308015
2024-10-21 00:00:00+00:00,2497268065552.143,2024-10-21,28.54621847651096,0.017051722412325887
2024-10-22 00:00:00+00:00,2440464522394.098,2024-10-22,28.52320951514443,-0.023008961366528524
2024-10-23 00:00:00+00:00,2433650125253.477,2024-10-23,28.520413355401335,-0.0027961597430952168
2024-10-24 00:00:00+00:00,2396894674356.389,2024-10-24,28.50519512980478,-0.015218225596555612
2024-10-25 00:00:00+00:00,2438941310165.6475,2024-10-25,28.522585171800095,0.017390041995316352
2024-10-26 00:00:00+00:00,2358830621371.2246,2024-10-26,28.48918711274669,-0.03339805905340398
2024-10-27 00:00:00+00:00,2384073927949.037,2024-10-27,28.499831874696586,0.010644761949894388
2024-10-28 00:00:00+00:00,2415672510494.5933,2024-10-28,28.512998836521373,0.013166961824786938
2024-10-29 00:00:00+00:00,2471930927576.5063,2024-10-29,28.53602071321472,0.023021876693348986
2024-10-30 00:00:00+00:00,2552185544878.1724,2024-10-30,28.567971184441426,0.031950471226704025
2024-10-31 00:00:00+00:00,2541578796031.82,2024-10-31,28.563806577103232,-0.004164607338193349
2024-11-01 00:00:00+00:00,2455620872007.724,2024-11-01,28.529400746222436,-0.03440583088079663
2024-11-02 00:00:00+00:00,2437848060473.493,2024-11-02,28.522136823664724,-0.0072639225577120214
2024-11-03 00:00:00+00:00,2424383116594.37,2024-11-03,28.516598223047126,-0.005538600617597922
2024-11-04 00:00:00+00:00,2393862685467.096,2024-11-04,28.503929363636143,-0.012668859410982947
2024-11-05 00:00:00+00:00,2358423171036.417,2024-11-05,28.48901436378988,-0.014914999846261878
2024-11-06 00:00:00+00:00,2413865913329.6685,2024-11-06,28.512250691630225,0.023236327840344018
2024-11-07 00:00:00+00:00,2633721969774.309,2024-11-07,28.599419159302645,0.08716846767242004
2024-11-08 00:00:00+00:00,2675628891756.0186,2024-11-08,28.615205568366786,0.015786409064141083
2024-11-09 00:00:00+00:00,2708587069169.151,2024-11-09,28.62744823816572,0.012242669798933292
2024-11-10 00:00:00+00:00,2760270288838.6714,2024-11-10,28.646349721601354,0.018901483435634248
2024-11-11 00:00:00+00:00,2880908214735.924,2024-11-11,28.68912671270217,0.042776991100815565
2024-11-12 00:00:00+00:00,3123282602204.5176,2024-11-12,28.769905680754903,0.08077896805273355
2024-11-13 00:00:00+00:00,3077446724918.7817,2024-11-13,28.755121383699624,-0.014784297055278728
2024-11-14 00:00:00+00:00,3121937027980.4453,2024-11-14,28.76947476740851,0.014353383708886724
2024-11-15 00:00:00+00:00,3023974954341.3027,2024-11-15,28.737593291916994,-0.03188147549151665
2024-11-16 00:00:00+00:00,3145952407550.669,2024-11-16,28.77713779252607,0.03954450060907533
2024-11-17 00:00:00+00:00,3173893495823.092,2024-11-17,28.785980182278564,0.00884238975249474
2024-11-18 00:00:00+00:00,3148316766937.544,2024-11-18,28.777889066242697,-0.00809111603586743
2024-11-19 00:00:00+00:00,3206790933950.2017,2024-11-19,28.796291843978306,0.018402777735609277
2024-11-20 00:00:00+00:00,3227075421471.7,2024-11-20,28.802597400733834,0.00630555675552813
2024-11-21 00:00:00+00:00,3245237194221.81,2024-11-21,28.808209558705045,0.005612157971210507
2024-11-22 00:00:00+00:00,3410842610168.169,2024-11-22,28.857980476455918,0.04977091775087317
2024-11-23 00:00:00+00:00,3459324048840.335,2024-11-23,28.872094324305777,0.014113847849859695
2024-11-24 00:00:00+00:00,3479595444407.884,2024-11-24,28.87793715135026,0.005842827044482135
2024-11-25 00:00:00+00:00,3487910710656.58,2024-11-25,28.880324022638614,0.002386871288354797
2024-11-26 00:00:00+00:00,3357202098078.9536,2024-11-26,28.84212903410394,-0.03819498853467351
2024-11-27 00:00:00+00:00,3315962602083.4927,2024-11-27,28.82976907511734,-0.012359958986600361
2024-11-28 00:00:00+00:00,3490771059347.8843,2024-11-28,28.88114376165115,0.0513746865338085
2024-11-29 00:00:00+00:00,3476930477122.048,2024-11-29,28.87717097367874,-0.003972787972408298
2024-11-30 00:00:00+00:00,3562646783857.3867,2024-11-30,28.9015248631608,0.024353889482060964
2024-12-01 00:00:00+00:00,3575729366748.167,2024-12-01,28.905190289936357,0.0036654267755551473
2024-12-02 00:00:00+00:00,3628870942725.061,2024-12-02,28.919942680761903,0.014752390825545802
2024-12-03 00:00:00+00:00,3628535116883.402,2024-12-03,28.919850133689536,-9.254707236650006e-05
2024-12-04 00:00:00+00:00,3676915781941.928,2024-12-04,28.933095413971763,0.013245280282227156
2024-12-05 00:00:00+00:00,3757892233788.413,2024-12-05,28.95487934002871,0.021783926056947678
2024-12-06 00:00:00+00:00,3711756189643.954,2024-12-06,28.942526247026173,-0.012353093002538174
2024-12-07 00:00:00+00:00,3843052482676.4185,2024-12-07,28.977288084112363,0.034761837086190184
2024-12-08 00:00:00+00:00,3860704889483.065,2024-12-08,28.981870896589122,0.004582812476758846
2024-12-09 00:00:00+00:00,3895565983701.116,2024-12-09,28.99086009501595,0.008989198426828438
2024-12-10 00:00:00+00:00,3635470559025.408,2024-12-10,28.9217596708124,-0.06910042420355111
2024-12-11 00:00:00+00:00,3601447218292.508,2024-12-11,28.912356885689473,-0.00940278512292636
2024-12-12 00:00:00+00:00,3784372616494.371,2024-12-12,28.961901233859592,0.049544348170119434
2024-12-13 00:00:00+00:00,3774603645812.963,2024-12-13,28.959316498630596,-0.002584735228996493
2024-12-14 00:00:00+00:00,3820922539590.965,2024-12-14,28.97151301190072,0.012196513270122722
2024-12-15 00:00:00+00:00,3785812598666.916,2024-12-15,28.962281668987398,-0.009231342913320617
2024-12-16 00:00:00+00:00,3873876620897.994,2024-12-16,28.9852768324191,0.022995163431701826
2024-12-17 00:00:00+00:00,3908008997404.4814,2024-12-17,28.99404915241055,0.008772319991450672
2024-12-18 00:00:00+00:00,3882449728738.5874,2024-12-18,28.987487443717644,-0.00656170869290662
2024-12-19 00:00:00+00:00,3634483491419.318,2024-12-19,28.921488123673228,-0.06599932004441555
2024-12-20 00:00:00+00:00,3502435240690.711,2024-12-20,28.884479625533597,-0.03700849813963103
2024-12-21 00:00:00+00:00,3541763733715.972,2024-12-21,28.895645948862214,0.011166323328616556
2024-12-22 00:00:00+00:00,3477679194571.7,2024-12-22,28.877386289127887,-0.018259659734326306
2024-12-23 00:00:00+00:00,3417196630158.1875,2024-12-23,28.85984163208216,-0.01754465704572894
2024-12-24 00:00:00+00:00,3477679948101.748,2024-12-24,28.877386505803987,0.017544873721828225
2024-12-25 00:00:00+00:00,3598100514577.648,2024-12-25,28.911427187302824,0.03404068149883699
2024-12-26 00:00:00+00:00,3602293192652.8423,2024-12-26,28.91259175655265,0.0011645692498269966
2024-12-27 00:00:00+00:00,3460306774747.8403,2024-12-27,28.872378364289748,-0.04021339226290266
2024-12-28 00:00:00+00:00,3425028664759.3525,2024-12-28,28.862130956880517,-0.010247407409231357
2024-12-29 00:00:00+00:00,3485220362416.1924,2024-12-29,28.879552389825268,0.017421432944750848
2024-12-30 00:00:00+00:00,3412275568013.6094,2024-12-30,28.858400506661784,-0.021151883163483376
2024-12-31 00:00:00+00:00,3393595055715.5464,2024-12-31,28.852910963811976,-0.005489542849808515
2025-01-01 00:00:00+00:00,3399972825597.592,2025-01-01,28.854788555047428,0.0018775912354520585
2025-01-02 00:00:00+00:00,3463957364872.248,2025-01-02,28.873432798490708,0.018644243443279862
2025-01-03 00:00:00+00:00,3559312190121.551,2025-01-03,28.900588437103956,0.0271556386132481
2025-01-04 00:00:00+00:00,3654977875081.9297,2025-01-04,28.92711115578281,0.02652271867885503
2025-01-05 00:00:00+00:00,3669808689208.274,2025-01-05,28.931160648355178,0.004049492572367086
2025-01-06 00:00:00+00:00,3662437227227.171,2025-01-06,28.929149950801214,-0.0020106975539633254
2025-01-07 00:00:00+00:00,3762217808974.941,2025-01-07,28.95602974225394,0.02687979145272479
2025-01-08 00:00:00+00:00,3533549276785.076,2025-01-08,28.893323942582196,-0.06270579967174328
2025-01-09 00:00:00+00:00,3473935809479.0537,2025-01-09,28.876309306167155,-0.017014636415041196
2025-01-10 00:00:00+00:00,3372194868457.131,2025-01-10,28.846584944569525,-0.029724361597629922
2025-01-11 00:00:00+00:00,3446568860489.1167,2025-01-11,28.86840031890398,0.02181537433445513
2025-01-12 00:00:00+00:00,3464211653229.092,2025-01-12,28.87350620557887,0.005105886674890314
2025-01-13 00:00:00+00:00,3443826305683.3643,2025-01-13,28.867604267332354,-0.005901938246516636
2025-01-14 00:00:00+00:00,3411192002487.5054,2025-01-14,28.858082906988592,-0.009521360343761387
2025-01-15 00:00:00+00:00,3503964295196.3345,2025-01-15,28.884916099223705,0.026833192235113046
2025-01-16 00:00:00+00:00,3689373902245.4775,2025-01-16,28.936477885396474,0.051561786172769075
2025-01-17 00:00:00+00:00,3658910347440.6177,2025-01-17,28.92818649973612,-0.008291385660353257
2025-01-18 00:00:00+00:00,3810895650848.995,2025-01-18,28.96888535640342,0.04069885666729789
2025-01-19 00:00:00+00:00,3787147152067.12,2025-01-19,28.962634121253867,-0.006251235149552059
2025-01-20 00:00:00+00:00,3621158958696.6255,2025-01-20,28.91781524486385,-0.04481887639001769
2025-01-21 00:00:00+00:00,3664660670362.762,2025-01-21,28.92975686044946,0.011941615585609355
2025-01-22 00:00:00+00:00,3792118023787.5454,2025-01-22,28.963945824253514,0.03418896380405556
2025-01-23 00:00:00+00:00,3720972791868.8574,2025-01-23,28.945006253218157,-0.01893957103535726
2025-01-24 00:00:00+00:00,3732339522120.517,2025-01-24,28.948056370692125,0.003050117473968328
2025-01-25 00:00:00+00:00,3738823349741.885,2025-01-25,28.949792065485656,0.001735694793531195
2025-01-26 00:00:00+00:00,3742062737516.2246,2025-01-26,28.950658109411208,0.0008660439255514518
2025-01-27 00:00:00+00:00,3659298934054.049,2025-01-27,28.928292696921485,-0.022365412489723013
2025-01-28 00:00:00+00:00,3628593667686.85,2025-01-28,28.91986626976902,-0.008426427152464555
2025-01-29 00:00:00+00:00,3568794672439.99,2025-01-29,28.903249027943836,-0.01661724182518398
2025-01-30 00:00:00+00:00,3636021087799.842,2025-01-30,28.92191109195189,0.018662064008054813
2025-01-31 00:00:00+00:00,3708652702995.7954,2025-01-31,28.94168977376061,0.019778681808720222
2025-02-01 00:00:00+00:00,3658068731160.269,2025-02-01,28.927956454993605,-0.013733318767005898
2025-02-02 00:00:00+00:00,3539446207716.108,2025-02-02,28.894991392338177,-0.03296506265542831
2025-02-03 00:00:00+00:00,3361537954692.516,2025-02-03,28.843419709790574,-0.05157168254760336
2025-02-04 00:00:00+00:00,3472947948965.6885,2025-02-04,28.876024902237457,0.032605192446883535
2025-02-05 00:00:00+00:00,3336043966090.866,2025-02-05,28.835806779622036,-0.04021812261542124
2025-02-06 00:00:00+00:00,3295596672353.209,2025-02-06,28.82360835166322,-0.012198427958814761
2025-02-07 00:00:00+00:00,3260703684324.2847,2025-02-07,28.812964142101226,-0.01064420956199541
2025-02-08 00:00:00+00:00,3255993465434.418,2025-02-08,28.811518557136367,-0.0014455849648591368
2025-02-09 00:00:00+00:00,3277116482966.319,2025-02-09,28.81798503062421,0.006466473487844127
2025-02-10 00:00:00+00:00,3274116259620.95,2025-02-10,28.817069104210667,-0.0009159264135440992
2025-02-11 00:00:00+00:00,3310496047516.857,2025-02-11,28.82811915738728,0.011050053176614227
2025-02-12 00:00:00+00:00,3270860103455.056,2025-02-12,28.816074094831286,-0.01204506255599469
2025-02-13 00:00:00+00:00,3362098754461.8013,2025-02-13,28.84358652420808,0.02751242937679521
2025-02-14 00:00:00+00:00,3319242606866.4727,2025-02-14,28.83075774236933,-0.01282878183875269
2025-02-15 00:00:00+00:00,3368346159750.3066,2025-02-15,28.845442986050475,0.014685243681146432
2025-02-16 00:00:00+00:00,3361456022299.3486,2025-02-16,28.843395336009056,-0.002047650041419047
2025-02-17 00:00:00+00:00,3325510126950.151,2025-02-17,28.832644199907612,-0.010751136101443848
2025-02-18 00:00:00+00:00,3306796624473.4727,2025-02-18,28.827001049541018,-0.005643150366594796
2025-02-19 00:00:00+00:00,3262992690830.344,2025-02-19,28.813665893522003,-0.01333515601901425
2025-02-20 00:00:00+00:00,3310887160098.358,2025-02-20,28.82823729360435,0.014571400082346031
2025-02-21 00:00:00+00:00,3362718403426.0293,2025-02-21,28.843770811438926,0.015533517834576571
2025-02-22 00:00:00+00:00,3279185832212.78,2025-02-22,28.818616285626103,-0.02515452581282318
2025-02-23 00:00:00+00:00,3320299656573.1875,2025-02-23,28.831076152787908,0.01245986716180525
2025-02-24 00:00:00+00:00,3318318452564.864,2025-02-24,28.830479280356155,-0.0005968724317533258
2025-02-25 00:00:00+00:00,3089280542214.4653,2025-02-25,28.758959345493302,-0.07151993486285235
2025-02-26 00:00:00+00:00,3039647433593.1743,2025-02-26,28.74276264882925,-0.016196696664053434
2025-02-27 00:00:00+00:00,2907656409996.885,2025-02-27,28.698368515248077,-0.0443941335811715
2025-02-28 00:00:00+00:00,2917564490547.6294,2025-02-28,28.70177030559208,0.0034017903440037855
2025-03-01 00:00:00+00:00,2899432783491.76,2025-03-01,28.695536241890995,-0.0062340637010862565
2025-03-02 00:00:00+00:00,2939199442140.362,2025-03-02,28.709158361607432,0.013622119716437453
2025-03-03 00:00:00+00:00,3262655742406.368,2025-03-03,28.81356262457403,0.10440426296659666
2025-03-04 00:00:00+00:00,2924340705542.9453,2025-03-04,28.704090171391634,-0.10947245318239496
2025-03-05 00:00:00+00:00,2971786261158.8,2025-03-05,28.720184322687373,0.016094151295739323
2025-03-06 00:00:00+00:00,3070743743334.4844,2025-03-06,28.752940909859504,0.03275658717213048
2025-03-07 00:00:00+00:00,3048253134177.3154,2025-03-07,28.74558979957532,-0.007351110284183449
2025-03-08 00:00:00+00:00,2949889970352.299,2025-03-08,28.71278898739902,-0.032800812176301264
2025-03-09 00:00:00+00:00,2936577552534.0723,2025-03-09,28.708265921413503,-0.004523065985516439
2025-03-10 00:00:00+00:00,2744286384538.148,2025-03-10,28.64054218788933,-0.06772373352417205
2025-03-11 00:00:00+00:00,2649801431738.14,2025-03-11,28.60550582169961,-0.035036366189721946
2025-03-12 00:00:00+00:00,2775246962824.081,2025-03-12,28.651760854779354,0.046255033079745544
2025-03-13 00:00:00+00:00,2799956491965.222,2025-03-13,28.660624994405133,0.008864139625778478
2025-03-14 00:00:00+00:00,2739489695320.552,2025-03-14,28.638792776399484,-0.02183221800564894
2025-03-15 00:00:00+00:00,2829745678418.4585,2025-03-15,28.671207957262247,0.03241518086276329
2025-03-16 00:00:00+00:00,2857579098855.004,2025-03-16,28.68099591337137,0.009787956109121865
2025-03-17 00:00:00+00:00,2789546968366.306,2025-03-17,28.656900321647623,-0.024095591723746423
2025-03-18 00:00:00+00:00,2844389810207.0337,2025-03-18,28.67636968254429,0.019469360896668064
2025-03-19 00:00:00+00:00,2809241675795.6387,2025-03-19,28.66393569658885,-0.012433985955439653
2025-03-20 00:00:00+00:00,2947350583137.59,2025-03-20,28.711927775329197,0.0479920787403465
2025-03-21 00:00:00+00:00,2862745153904.8,2025-03-21,28.682802124427248,-0.02912565090194974
2025-03-22 00:00:00+00:00,2852624316365.709,2025-03-22,28.679260499281007,-0.00354162514624079
2025-03-23 00:00:00+00:00,2851924242201.555,2025-03-23,28.67901505508486,-0.00024544419614613844
2025-03-24 00:00:00+00:00,2909830869466.153,2025-03-24,28.69911607496452,0.020101019879660953
2025-03-25 00:00:00+00:00,2969384380178.878,2025-03-25,28.71937576785676,0.020259692892238945
2025-03-26 00:00:00+00:00,2973105231261.093,2025-03-26,28.72062805496596,0.0012522871091995569
2025-03-27 00:00:00+00:00,2939384001504.946,2025-03-27,28.709221152028427,-0.011406902937533658
2025-03-28 00:00:00+00:00,2950543179795.785,2025-03-28,28.713010398074992,0.0037892460465656086
2025-03-29 00:00:00+00:00,2841814641961.42,2025-03-29,28.675463922491755,-0.03754647558323754
2025-03-30 00:00:00+00:00,2773383203698.863,2025-03-30,28.651089064034835,-0.024374858456919668
2025-03-31 00:00:00+00:00,2761955521241.7407,2025-03-31,28.646960066963295,-0.004128997071539686
2025-04-01 00:00:00+00:00,2766428444433.608,2025-04-01,28.648578233934206,0.0016181669709105506
2025-04-02 00:00:00+00:00,2842590585103.962,2025-04-02,28.675736930173777,0.0271586962395709
2025-04-03 00:00:00+00:00,2740767168560.874,2025-04-03,28.63925898566492,-0.03647794450885655
2025-04-04 00:00:00+00:00,2758692011743.04,2025-04-04,28.645777774538594,0.006518788873673742
2025-04-05 00:00:00+00:00,2782640193454.0767,2025-04-05,28.654421302817564,0.00864352827897008
2025-04-06 00:00:00+00:00,2771559075551.9287,2025-04-06,28.650431120950536,-0.003990181867028042
2025-04-07 00:00:00+00:00,2569456992524.639,2025-04-07,28.57471570555605,-0.07571541539448745
2025-04-08 00:00:00+00:00,2591026789764.569,2025-04-08,28.58307535700141,0.008359651445360328
2025-04-09 00:00:00+00:00,2507444788613.5,2025-04-09,28.55028533804099,-0.03279001896041933
2025-04-10 00:00:00+00:00,2718642638293.754,2025-04-10,28.63115384164046,0.08086850359947206
2025-04-11 00:00:00+00:00,2622042736187.1357,2025-04-11,28.59497480021699,-0.03617904142347328
2025-04-12 00:00:00+00:00,2725382574862.281,2025-04-12,28.633629928634253,0.038655128417264706
2025-04-13 00:00:00+00:00,2803725709200.883,2025-04-13,28.661970259061047,0.028340330426793514
2025-04-14 00:00:00+00:00,2742476449728.155,2025-04-14,28.6398824419042,-0.022087817156847933
2025-04-15 00:00:00+00:00,2764672480281.164,2025-04-15,28.647943291908977,0.008060850004778075
2025-04-16 00:00:00+00:00,2729062570747.384,2025-04-16,28.634979285478156,-0.012964006430820518
2025-04-17 00:00:00+00:00,2738068322315.763,2025-04-17,28.63827379584935,0.003294510371194548
2025-04-18 00:00:00+00:00,2762306154814.599,2025-04-18,28.647087010107516,0.008813214258164948
2025-04-19 00:00:00+00:00,2756415314059.2944,2025-04-19,28.64495215223296,-0.0021348578745552516
2025-04-20 00:00:00+00:00,2783459616190.356,2025-04-20,28.65471573618032,0.009763583947361099
2025-04-21 00:00:00+00:00,2780221649335.0166,2025-04-21,28.653551770429452,-0.0011639657508695223
2025-04-22 00:00:00+00:00,2829235131727.1924,2025-04-22,28.671027519579287,0.01747574914983474
2025-04-23 00:00:00+00:00,3017224310851.8745,2025-04-23,28.735358422314835,0.06433090273554853
2025-04-24 00:00:00+00:00,3034692905267.4453,2025-04-24,28.741131350894637,0.005772928579801828
2025-04-25 00:00:00+00:00,3041970736906.868,2025-04-25,28.743526690030645,0.00239533913600809
2025-04-26 00:00:00+00:00,3063422805613.236,2025-04-26,28.750553970692224,0.007027280661578317
2025-04-27 00:00:00+00:00,3073597652704.537,2025-04-27,28.753869865264594,0.0033158945723705813
2025-04-28 00:00:00+00:00,3045977272924.88,2025-04-28,28.74484290908835,-0.009026956176242606
2025-04-29 00:00:00+00:00,3078678063114.1685,2025-04-29,28.75552142049362,0.010678511405266988
2025-04-30 00:00:00+00:00,3055787492662.651,2025-04-30,28.74805844707368,-0.007462973419936958
2025-05-01 00:00:00+00:00,3050884140375.7056,2025-05-01,28.746452546630568,-0.0016059004431134838
2025-05-02 00:00:00+00:00,3113990035727.0474,2025-05-02,28.766925989504486,0.020473442873917946
2025-05-03 00:00:00+00:00,3122058229228.38,2025-05-03,28.769513589106147,0.0025875996016608838
2025-05-04 00:00:00+00:00,3087351263766.602,2025-05-04,28.758334643043423,-0.011178946062724293
2025-05-05 00:00:00+00:00,3039062510287.028,2025-05-05,28.742570199012313,-0.015764444031109548
2025-05-06 00:00:00+00:00,3051964488713.828,2025-05-06,28.7468065938682,0.004236394855887227
2025-05-07 00:00:00+00:00,3092871840495.847,2025-05-07,28.76012117343381,0.013314579565609108
2025-05-08 00:00:00+00:00,3096228493078.8545,2025-05-08,28.761205871606794,0.0010846981729848437
2025-05-09 00:00:00+00:00,3341963966926.2666,2025-05-09,28.837579764154416,0.07637389254762184
2025-05-10 00:00:00+00:00,3382312175548.532,2025-05-10,28.849580667156484,0.012000903002068242
2025-05-11 00:00:00+00:00,3494536279311.385,2025-05-11,28.88222180164155,0.03264113448506478
2025-05-12 00:00:00+00:00,3450658242625.493,2025-05-12,28.869586123736685,-0.012635677904864195
2025-05-13 00:00:00+00:00,3436263953248.537,2025-05-13,28.865405937021052,-0.0041801867156330275
2025-05-14 00:00:00+00:00,3510566616013.9067,2025-05-14,28.886798569441844,0.021392632420791813
2025-05-15 00:00:00+00:00,3462545183087.201,2025-05-15,28.873025036623925,-0.013773532817918266
2025-05-16 00:00:00+00:00,3426706490749.9,2025-05-16,28.862620709034097,-0.010404327589828455
2025-05-17 00:00:00+00:00,3419008685865.9883,2025-05-17,28.86037176705221,-0.0022489419818860767
2025-05-18 00:00:00+00:00,3387150192193.1743,2025-05-18,28.851010032505027,-0.009361734547184142
2025-05-19 00:00:00+00:00,3479811014678.802,2025-05-19,28.87799910211352,0.026989069608493566
2025-05-20 00:00:00+00:00,3454163050774.796,2025-05-20,28.87060130090098,-0.007397801212540855
2025-05-21 00:00:00+00:00,3481436913386.379,2025-05-21,28.878466230638157,0.007864929737177562
2025-05-22 00:00:00+00:00,3565145966438.86,2025-05-22,28.90222611325924,0.023759882621082085
2025-05-23 00:00:00+00:00,3645865451592.045,2025-05-23,28.9246148884849,0.02238877522566085
2025-05-24 00:00:00+00:00,3497213415749.625,2025-05-24,28.882987600386024,-0.04162728809887639
2025-05-25 00:00:00+00:00,3512928691998.3506,2025-05-25,28.887471190685233,0.004483590299209084
2025-05-26 00:00:00+00:00,3544064069739.016,2025-05-26,28.896295226876767,0.008824036191533935
2025-05-27 00:00:00+00:00,3550954764368.976,2025-05-27,28.898237630965493,0.0019424040887265903
2025-05-28 00:00:00+00:00,3564198273712.389,2025-05-28,28.901960256344456,0.0037226253789626185
2025-05-29 00:00:00+00:00,3532754544132.3643,2025-05-29,28.893099006695994,-0.008861249648461467
2025-05-30 00:00:00+00:00,3466808300896.8945,2025-05-30,28.874255488601133,-0.018843518094861622
2025-05-31 00:00:00+00:00,3374422843791.5864,2025-05-31,28.847245416382357,-0.027010072218775605
2025-06-01 00:00:00+00:00,3394066140352.021,2025-06-01,28.853049769985006,0.00580435360264886
2025-06-02 00:00:00+00:00,3422013828776.095,2025-06-02,28.86125033252893,0.008200562543922985
2025-06-03 00:00:00+00:00,3441580892502.9785,2025-06-03,28.866952043521806,0.005701710992877196
2025-06-04 00:00:00+00:00,3432676508810.939,2025-06-04,28.86436139608098,-0.002590647440825933
2025-06-05 00:00:00+00:00,3409253700280.385,2025-06-05,28.857514527048696,-0.00684686903228382
2025-06-06 00:00:00+00:00,3286730484455.8438,2025-06-06,28.820914412863704,-0.036600114184992094
2025-06-07 00:00:00+00:00,3368073994918.28,2025-06-07,28.845362182054906,0.02444776919120173
2025-06-08 00:00:00+00:00,3413633564289.677,2025-06-08,28.85879840129169,0.013436219236783842
2025-06-09 00:00:00+00:00,3421156961744.0303,2025-06-09,28.860999902702527,0.0022015014108376363
2025-06-10 00:00:00+00:00,3565535058485.204,2025-06-10,28.902335245064563,0.04133534236203573
2025-06-11 00:00:00+00:00,3597598411234.7964,2025-06-11,28.91128763078473,0.008952385720167655
2025-06-12 00:00:00+00:00,3543656372525.4805,2025-06-12,28.896180183622082,-0.015107447162648668
2025-06-13 00:00:00+00:00,3442817978976.225,2025-06-13,28.867311431904046,-0.02886875171803638
2025-06-14 00:00:00+00:00,3425440069275.547,2025-06-14,28.86225106676866,-0.005060365135385325
2025-06-15 00:00:00+00:00,3396193128592.072,2025-06-15,28.853676252192937,-0.008574814575723622
2025-06-16 00:00:00+00:00,3408915710836.889,2025-06-16,28.857415383298108,0.0037391311051706566
2025-06-17 00:00:00+00:00,3442768945008.498,2025-06-17,28.86729718940932,0.009881806111213365
2025-06-18 00:00:00+00:00,3371068463276.081,2025-06-18,28.846250861459875,-0.021046327949445498
2025-06-19 00:00:00+00:00,3377736531891.2905,2025-06-19,28.848226935976715,0.0019760745168397875
2025-06-20 00:00:00+00:00,3372899453699.82,2025-06-20,28.846793862402723,-0.0014330735739918055
2025-06-21 00:00:00+00:00,3310281045585.5195,2025-06-21,28.828054209744916,-0.01873965265780697
2025-06-22 00:00:00+00:00,3248868008770.5884,2025-06-22,28.809327746604257,-0.018726463140659177
2025-06-23 00:00:00+00:00,3204402531092.2783,2025-06-23,28.795546771167313,-0.013780975436944232
2025-06-24 00:00:00+00:00,3372419346402.418,2025-06-24,28.846651509665232,0.0511047384979193
2025-06-25 00:00:00+00:00,3391502334855.836,2025-06-25,28.852294105775723,0.005642596110490672
2025-06-26 00:00:00+00:00,3407985742043.8687,2025-06-26,28.85714254121429,0.004848435438567833
2025-06-27 00:00:00+00:00,3383566164219.0835,2025-06-27,28.84995134739102,-0.007191193823270936
2025-06-28 00:00:00+00:00,3396256657114.3306,2025-06-28,28.853694957821766,0.0037436104307460027
2025-06-29 00:00:00+00:00,3416694195935.9526,2025-06-29,28.859694590159503,0.0059996323377369265
2025-06-30 00:00:00+00:00,3461179631531.975,2025-06-30,28.872630580862182,0.01293599070267959
2025-07-01 00:00:00+00:00,3429992698095.514,2025-07-01,28.863579248269005,-0.009051332593177364
2025-07-02 00:00:00+00:00,3366880600834.5444,2025-07-02,28.845007793891106,-0.018571454377898533
2025-07-03 00:00:00+00:00,3480118360203.354,2025-07-03,28.87808742068924,0.03307962679813414
2025-07-04 00:00:00+00:00,3463797575321.756,2025-07-04,28.87338666823584,-0.004700752453398849
2025-07-05 00:00:00+00:00,3402292032681.3896,2025-07-05,28.855470447688184,-0.017916220547657957
2025-07-06 00:00:00+00:00,3409129363800.2944,2025-07-06,28.85747805609101,0.002007608402827543
2025-07-07 00:00:00+00:00,3449003301918.13,2025-07-07,28.869106407238007,0.011628351146995897
2025-07-08 00:00:00+00:00,3419633231943.786,2025-07-08,28.860554419130516,-0.008551988107491582
2025-07-09 00:00:00+00:00,3440319567929.453,2025-07-09,28.866585480653047,0.006031061522531189
2025-07-10 00:00:00+00:00,3532002768457.15,2025-07-10,28.892886182491345,0.02630070183829858
2025-07-11 00:00:00+00:00,3686496437626.315,2025-07-11,28.935697648046155,0.0428114655548093
2025-07-12 00:00:00+00:00,3740436367668.712,2025-07-12,28.95022339639614,0.014525748349985435
2025-07-13 00:00:00+00:00,3731569457073.714,2025-07-13,28.9478500270586,-0.0023733693375405096
2025-07-14 00:00:00+00:00,3788983350268.793,2025-07-14,28.96311885372701,0.015268826668410895
2025-07-15 00:00:00+00:00,3818612249276.22,2025-07-15,28.970908187013073,0.007789333286062572
2025-07-16 00:00:00+00:00,3799565728441.717,2025-07-16,28.965907894141182,-0.005000292871891077
2025-07-17 00:00:00+00:00,3873368212842.8433,2025-07-17,28.985145583680538,0.019237689539355785
2025-07-18 00:00:00+00:00,3941200930971.26,2025-07-18,29.00250659760988,0.017361013929342306
2025-07-19 00:00:00+00:00,3921859340048.8223,2025-07-19,28.997586978717088,-0.0049196188927922435
2025-07-20 00:00:00+00:00,3936726451784.46,2025-07-20,29.001370644090496,0.0037836653734082404
2025-07-21 00:00:00+00:00,3970086918829.094,2025-07-21,29.00980910429959,0.008438460209092113
2025-07-22 00:00:00+00:00,3992700766853.322,2025-07-22,29.01548900177086,0.005679897471271289
2025-07-23 00:00:00+00:00,4050424555915.771,2025-07-23,29.02984282017404,0.01435381840317973
2025-07-24 00:00:00+00:00,3944609687549.076,2025-07-24,29.003371126814304,-0.02647169335973487
2025-07-25 00:00:00+00:00,3933717749062.223,2025-07-25,29.000606086768947,-0.002765040045357381
2025-07-26 00:00:00+00:00,3937491747149.965,2025-07-26,29.00156502411619,0.0009589373472422835
2025-07-27 00:00:00+00:00,3953090871584.0034,2025-07-27,29.005518887983936,0.003953863867746321
2025-07-28 00:00:00+00:00,4023709902909.19,2025-07-28,29.023225454404884,0.017706566420947922
2025-07-29 00:00:00+00:00,3946722066432.974,2025-07-29,29.003906493720727,-0.019318960684156394
2025-07-30 00:00:00+00:00,3941781981931.154,2025-07-30,29.002654016668725,-0.0012524770520023765
2025-07-31 00:00:00+00:00,3931253489999.272,2025-07-31,28.999979445152928,-0.002674571515797197
2025-08-01 00:00:00+00:00,3853653501691.1465,2025-08-01,28.98004277572717,-0.019936669425757003
2025-08-02 00:00:00+00:00,3753938318749.193,2025-08-02,28.953826623150523,-0.026216152576648
2025-08-03 00:00:00+00:00,3699657464114.524,2025-08-03,28.939261354026844,-0.014565269123679059
2025-08-04 00:00:00+00:00,3776595954458.5073,2025-08-04,28.95984417868072,0.020582824653875065
2025-08-05 00:00:00+00:00,3848980265249.577,2025-08-05,28.97882936297606,0.01898518429534235
2025-08-06 00:00:00+00:00,3794616824632.888,2025-08-06,28.9646045532023,-0.014224809773761393
2025-08-07 00:00:00+00:00,3834679569097.801,2025-08-07,28.975106992914746,0.010502439712446687
2025-08-08 00:00:00+00:00,3960588629322.4,2025-08-08,29.00741377391683,0.032306781002084506
2025-08-09 00:00:00+00:00,3966768868395.375,2025-08-09,29.008972992187697,0.0015592182708665803
2025-08-10 00:00:00+00:00,4007594477633.4976,2025-08-10,29.019212296357093,0.01023930416939578
2025-08-11 00:00:00+00:00,4061197457452.968,2025-08-11,29.032498986315215,0.013286689958121656
2025-08-12 00:00:00+00:00,4022821188354.391,2025-08-12,29.023004560569184,-0.009494425746030544
2025-08-13 00:00:00+00:00,4142601513448.27,2025-08-13,29.052345091305543,0.029340530736359227
2025-08-14 00:00:00+00:00,4256926941330.963,2025-08-14,29.079568640619065,0.027223549313522
2025-08-15 00:00:00+00:00,4084314852681.384,2025-08-15,29.03817510745167,-0.041393533167394025
2025-08-16 00:00:00+00:00,4043169680651.7886,2025-08-16,29.028050074702747,-0.010125032748923957
2025-08-17 00:00:00+00:00,4054775244483.822,2025-08-17,29.030916375198725,0.0028663004959774696
2025-08-18 00:00:00+00:00,4072858116796.905,2025-08-18,29.035366108927157,0.004449733728431937
2025-08-19 00:00:00+00:00,4003226485169.9614,2025-08-19,29.018121773196807,-0.017244335730350002
2025-08-20 00:00:00+00:00,3865807912616.678,2025-08-20,28.98319180914212,-0.034929964054686735
2025-08-21 00:00:00+00:00,3964472157733.5327,2025-08-21,29.008393836739394,0.025202027597273968
2025-08-22 00:00:00+00:00,3889146480368.9727,2025-08-22,28.98921083569728,-0.019183001042115677
2025-08-23 00:00:00+00:00,4123879966616.748,2025-08-23,29.047815575601657,0.05860473990437853
2025-08-24 00:00:00+00:00,4080057599873.835,2025-08-24,29.037132221861103,-0.010683353740553514
2025-08-25 00:00:00+00:00,4034858367893.915,2025-08-25,29.02599231614071,-0.011139905720394694
2025-08-26 00:00:00+00:00,3857876763047.904,2025-08-26,28.98113808667947,-0.04485422946124018
2025-08-27 00:00:00+00:00,3954229956034.7656,2025-08-27,29.005806996809536,0.024668910130067445
2025-08-28 00:00:00+00:00,3926222219441.025,2025-08-28,28.99869881217819,-0.007108184631345438
2025-08-29 00:00:00+00:00,3977465169295.79,2025-08-29,29.011665840186208,0.012967028008016968
2025-08-30 00:00:00+00:00,3841805697336.1553,2025-08-30,28.976963605684265,-0.03470223450194254
2025-08-31 00:00:00+00:00,3855768817024.263,2025-08-31,28.98059153678831,0.0036279311040452455
2025-09-01 00:00:00+00:00,3837516655218.16,2025-09-01,28.97584656895444,-0.004744967833868685
2025-09-02 00:00:00+00:00,3841144032607.453,2025-09-02,28.97679136331549,0.0009447943610467746
2025-09-03 00:00:00+00:00,3920828518925.316,2025-09-03,28.997324104266905,0.020532740951416883
2025-09-04 00:00:00+00:00,3953112579140.743,2025-09-04,29.005524379255917,0.008200274989011547
2025-09-05 00:00:00+00:00,3891389119928.351,2025-09-05,28.98978731005244,-0.01573706920347817
2025-09-06 00:00:00+00:00,3902544091833.176,2025-09-06,28.992649787627887,0.002862477575447997
2025-09-07 00:00:00+00:00,3886987596390.521,2025-09-07,28.988655576744023,-0.003994210883863758
2025-09-08 00:00:00+00:00,3931699576356.412,2025-09-08,29.000092910502108,0.011437333758085089
2025-09-09 00:00:00+00:00,3972196793344.72,2025-09-09,29.0103404060364,0.010247495534290607
2025-09-10 00:00:00+00:00,3963755604753.596,2025-09-10,29.008213076800768,-0.0021273292356305262
2025-09-11 00:00:00+00:00,4038335401105.632,2025-09-11,29.02685369356486,0.01864061676409179
2025-09-12 00:00:00+00:00,4099576806409.8022,2025-09-12,29.041904866362643,0.015051172797782897
2025-09-13 00:00:00+00:00,4169643099842.145,2025-09-13,29.058851560508604,0.01694669414596106
2025-09-14 00:00:00+00:00,4172288645905.647,2025-09-14,29.05948583713249,0.0006342766238844888
2025-09-15 00:00:00+00:00,4131564652492.944,2025-09-15,29.04967730163832,-0.00980853549416949
2025-09-16 00:00:00+00:00,4105069282044.624,2025-09-16,29.04324373616789,-0.006433565470427283
2025-09-17 00:00:00+00:00,4146265517599.565,2025-09-17,29.05322916976312,0.00998543359522941
2025-09-18 00:00:00+00:00,4176522033880.8057,2025-09-18,29.060499966809243,0.0072707970461216576
2025-09-19 00:00:00+00:00,4199099260338.819,2025-09-19,29.065891156393555,0.005391189584312173
2025-09-20 00:00:00+00:00,4124829510921.492,2025-09-20,29.048045804175356,-0.01784535221819894
2025-09-21 00:00:00+00:00,4139330643146.548,2025-09-21,29.0515552102947,0.0035094061193454706
2025-09-22 00:00:00+00:00,4118717698064.713,2025-09-22,29.046562992511472,-0.004992217783229336
2025-09-23 00:00:00+00:00,3987818384242.244,2025-09-23,29.014265426430015,-0.03229756608145706
2025-09-24 00:00:00+00:00,3963624758925.315,2025-09-24,29.00818006568681,-0.006085360743206536
2025-09-25 00:00:00+00:00,3996058179382.187,2025-09-25,29.01632953601382,0.00814947032701241
2025-09-26 00:00:00+00:00,3816973466449.633,2025-09-26,28.97047893825266,-0.045850597761159406
2025-09-27 00:00:00+00:00,3879708416753.552,2025-09-27,28.986781116418555,0.016302178165894077
2025-09-28 00:00:00+00:00,3876003231323.2695,2025-09-28,28.985825643631454,-0.0009554727871012858
2025-09-29 00:00:00+00:00,3962712005220.048,2025-09-29,29.00794975659537,0.022124112963915366
2025-09-30 00:00:00+00:00,4023175394622.113,2025-09-30,29.023092605913053,0.015142849317683726
2025-10-01 00:00:00+00:00,3993635823099.3022,2025-10-01,29.01572316576826,-0.00736944014479235
2025-10-02 00:00:00+00:00,4150301068845.112,2025-10-02,29.054201994249436,0.03847882848117479
2025-10-03 00:00:00+00:00,4245435532609.981,2025-10-03,29.076865529394784,0.022663535145348135
2025-10-04 00:00:00+00:00,4298138827401.871,2025-10-04,29.089203214092986,0.012337684698202622
2025-10-05 00:00:00+00:00,4276438956951.402,2025-10-05,29.084141759798122,-0.005061454294864376
2025-10-06 00:00:00+00:00,4304411877897.484,2025-10-06,29.09066163074693,0.006519870948807238
2025-10-07 00:00:00+00:00,4379182728595.05,2025-10-07,29.10788323126155,0.017221600514620405
2025-10-08 00:00:00+00:00,4256736193811.375,2025-10-08,29.07952383087816,-0.028359400383390465
2025-10-09 00:00:00+00:00,4322028086771.989,2025-10-09,29.094745872551126,0.015222041672966924
2025-10-10 00:00:00+00:00,4240722783414.804,2025-10-10,29.075754838430942,-0.01899103412018377
2025-10-11 00:00:00+00:00,3851023903784.806,2025-10-11,28.97936017790508,-0.09639466052586343
2025-10-12 00:00:00+00:00,3787494913711.468,2025-10-12,28.96272594384867,-0.01663423405640785
2025-10-13 00:00:00+00:00,4003271283455.68,2025-10-13,29.018132963679093,0.0554070198304224
2025-10-14 00:00:00+00:00,4040912064717.933,2025-10-14,29.027491541015518,0.009358577336424645
2025-10-15 00:00:00+00:00,3949304357749.339,2025-10-15,29.004560567369854,-0.02293097364566421
2025-10-16 00:00:00+00:00,3853454972274.552,2025-10-16,28.979991257205715,-0.024569310164139324
2025-10-17 00:00:00+00:00,3764683902779.253,2025-10-17,28.9566850168907,-0.023306240315015714
2025-10-18 00:00:00+00:00,3697337097454.2383,2025-10-18,28.938633973077167,-0.018051043813532175
2025-10-19 00:00:00+00:00,3736382431527.776,2025-10-19,28.949138994955614,0.010505021878447707
2025-10-20 00:00:00+00:00,3788745841500.854,2025-10-20,28.963056167726492,0.013917172770877784
2025-10-21 00:00:00+00:00,3836770641046.1353,2025-10-21,28.975652149812813,0.012595982086320845
2025-10-22 00:00:00+00:00,3756548054720.7007,2025-10-22,28.954521581092465,-0.021130568720348464
2025-10-23 00:00:00+00:00,3720987445627.385,2025-10-23,28.94501019136296,-0.009511389729503605
2025-10-24 00:00:00+00:00,3790393581961.284,2025-10-24,28.963490977114294,0.018480785751332718
2025-10-25 00:00:00+00:00,3827366886607.14,2025-10-25,28.973198185717276,0.009707208602982575
2025-10-26 00:00:00+00:00,3854668625893.04,2025-10-26,28.980306159688286,0.00710797397101004
2025-10-27 00:00:00+00:00,3962811608865.944,2025-10-27,29.007974891501465,0.027668731813179193
2025-10-28 00:00:00+00:00,3940147836170.5786,2025-10-28,29.002239360405166,-0.005735531096298985
2025-10-29 00:00:00+00:00,3883994519826.822,2025-10-29,28.98788525539546,-0.01435410500970491
2025-10-30 00:00:00+00:00,3813307330798.706,2025-10-30,28.96951799434235,-0.01836726105311115
2025-10-31 00:00:00+00:00,3720112469370.491,2025-10-31,28.94477501745832,-0.024742976884031265
2025-11-01 00:00:00+00:00,3775788103708.065,2025-11-01,28.95963024603447,0.014855228576152513
2025-11-02 00:00:00+00:00,3796969825113.842,2025-11-02,28.965224450113148,0.005594204078676057
2025-11-03 00:00:00+00:00,3813998351560.9194,2025-11-03,28.969699190899266,0.004474740786118758
2025-11-04 00:00:00+00:00,3619567151699.679,2025-11-04,28.917375563263324,-0.05232362763594267
2025-11-05 00:00:00+00:00,3453041313490.853,2025-11-05,28.87027649878578,-0.04709906447754264
2025-11-06 00:00:00+00:00,3550795616556.166,2025-11-06,28.8981928116451,0.027916312859318282
2025-11-07 00:00:00+00:00,3461542753137.872,2025-11-07,28.87273548803195,-0.025457323613149896
2025-11-08 00:00:00+00:00,3570125265597.4546,2025-11-08,28.90362179950716,0.030886311475210704
2025-11-09 00:00:00+00:00,3533578860367.694,2025-11-09,28.893332314747536,-0.010289484759624656
2025-11-10 00:00:00+00:00,3620202923958.1865,2025-11-10,28.917551196537172,0.02421888178963627
2025-11-11 00:00:00+00:00,3665318245057.6895,2025-11-11,28.929936281073797,0.012385084536624902
2025-11-12 00:00:00+00:00,3548053350411.014,2025-11-12,28.897420217019036,-0.03251606405476082
2025-11-13 00:00:00+00:00,3517902820675.7505,2025-11-13,28.88888613840466,-0.008534078614374607
2025-11-14 00:00:00+00:00,3435743387134.6284,2025-11-14,28.865254433657007,-0.02363170474765397
2025-11-15 00:00:00+00:00,3290534525533.292,2025-11-15,28.822071137276005,-0.04318329638100238
2025-11-16 00:00:00+00:00,3331563371654.256,2025-11-16,28.83446279072644,0.012391653450436024
2025-11-17 00:00:00+00:00,3282256789251.3804,2025-11-17,28.81955234723328,-0.014910443493160841
2025-11-18 00:00:00+00:00,3211714460901.4365,2025-11-18,28.797826010459143,-0.021726336774136712
2025-11-19 00:00:00+00:00,3267660198173.539,2025-11-19,28.815095308993094,0.017269298533950206
2025-11-20 00:00:00+00:00,3200865877544.929,2025-11-20,28.794442475865033,-0.020652833128060877
2025-11-21 00:00:00+00:00,3053199661813.949,2025-11-21,28.74721122610626,-0.047231249758773686
2025-11-22 00:00:00+00:00,2989542128701.633,2025-11-22,28.726141357391402,-0.021069868714857165
2025-11-23 00:00:00+00:00,2978630625978.736,2025-11-23,28.722484789349863,-0.003656568041538577
2025-11-24 00:00:00+00:00,3039249761164.5327,2025-11-24,28.742631811798624,0.020147022448760765
2025-11-25 00:00:00+00:00,3115605422624.482,2025-11-25,28.767444606465872,0.024812794667248284
2025-11-26 00:00:00+00:00,3097435514963.24,2025-11-26,28.761595631819198,-0.005848974646674776
2025-11-27 00:00:00+00:00,3185420060148.55,2025-11-27,28.78960528327316,0.028009651453963613
2025-11-28 00:00:00+00:00,3196827849663.474,2025-11-28,28.793180137094264,0.003574853821103119
2025-11-29 00:00:00+00:00,3183219192213.969,2025-11-29,28.788914125261226,-0.004266011833038874
2025-11-30 00:00:00+00:00,3171517491213.092,2025-11-30,28.785231293128312,-0.003682832132913205
2025-12-01 00:00:00+00:00,3157263601581.612,2025-12-01,28.78072681951048,-0.004504473617831906
2025-12-02 00:00:00+00:00,3016174457151.862,2025-12-02,28.73501040828461,-0.04571641122587167
2025-12-03 00:00:00+00:00,3180018601746.204,2025-12-03,28.78790816230925,0.052897754024641586
2025-12-04 00:00:00+00:00,3269803425526.65,2025-12-04,28.815750984512917,0.02784282220366663
2025-12-05 00:00:00+00:00,3215120687231.0835,2025-12-05,28.798886011710174,-0.01686497280274324
2025-12-06 00:00:00+00:00,3128141281441.9297,2025-12-06,28.771460104293013,-0.027425907417161
2025-12-07 00:00:00+00:00,3129562236342.618,2025-12-07,28.77191425010579,0.0004541458127782505
2025-12-08 00:00:00+00:00,3152626847341.2114,2025-12-08,28.77925714103903,0.007342890933237811
2025-12-09 00:00:00+00:00,3176814024479.519,2025-12-09,28.786899931409813,0.007642790370784525
2025-12-10 00:00:00+00:00,3255776547376.676,2025-12-10,28.81145193375827,0.024552002348457336
2025-12-11 00:00:00+00:00,3237262896689.289,2025-12-11,28.80574930372843,-0.00570263002984106
2025-12-12 00:00:00+00:00,3232079461825.879,2025-12-12,28.804146842246144,-0.0016024614822853778
2025-12-13 00:00:00+00:00,3156611456105.115,2025-12-13,28.780520244159256,-0.023626598086888606
2025-12-14 00:00:00+00:00,3169922339848.8706,2025-12-14,28.78472820504726,0.004207960888003015
2025-12-15 00:00:00+00:00,3103475744773.2334,2025-12-15,28.763543807326766,-0.021184397720492854
2025-12-16 00:00:00+00:00,3040888559394.5327,2025-12-16,28.74317087791301,-0.02037292941375668
2025-12-17 00:00:00+00:00,3072493017182.8496,2025-12-17,28.753510405701462,0.01033952778845304
2025-12-18 00:00:00+00:00,2998426000462.1787,2025-12-18,28.729108600398416,-0.024401805303046586
2025-12-19 00:00:00+00:00,2968386141838.126,2025-12-19,28.71903953446867,-0.01006906592974488
2025-12-20 00:00:00+00:00,3070188087165.2964,2025-12-20,28.75275994182858,0.03372040735990822
2025-12-21 00:00:00+00:00,3079743405789.6445,2025-12-21,28.75586739963502,0.0031074578064398395
2025-12-22 00:00:00+00:00,3086834389358.16,2025-12-22,28.7581672122473,0.0022998126122821816
2025-12-23 00:00:00+00:00,3082813583147.2607,2025-12-23,28.756863796947737,-0.0013034152995636816
2025-12-24 00:00:00+00:00,3044520823755.6533,2025-12-24,28.744364639766577,-0.01249915718116057
2025-12-25 00:00:00+00:00,3044532495186.878,2025-12-25,28.74436847334484,3.833578261946968e-06
2025-12-26 00:00:00+00:00,3020548646321.409,2025-12-26,28.73645960178251,-0.007908871562328557
2025-12-27 00:00:00+00:00,3031221728513.348,2025-12-27,28.7399868649127,0.0035272631301914714
2025-12-28 00:00:00+00:00,3059854572364.2007,2025-12-28,28.749388505392297,0.00940164047959513
2025-12-29 00:00:00+00:00,3062032728087.853,2025-12-29,28.75010010157454,0.0007115961822421468
2025-12-30 00:00:00+00:00,3037514830881.2485,2025-12-30,28.742060807177946,-0.008039294396592567
2025-12-31 00:00:00+00:00,3074195380240.251,2025-12-31,28.75406431798426,0.01200351080631279
2026-01-01 00:00:00+00:00,3047609614481.363,2026-01-01,28.745378666311705,-0.008685651672553973
2026-01-02 00:00:00+00:00,3090210847755.996,2026-01-02,28.759260440030005,0.013881773718299684
2026-01-03 00:00:00+00:00,3155508273408.369,2026-01-03,28.780170699868194,0.02091025983818895
2026-01-04 00:00:00+00:00,3176778987844.712,2026-01-04,28.786888902489725,0.006718202621531333
2026-01-05 00:00:00+00:00,3209045365545.907,2026-01-05,28.7969946149292,0.010105712439475667
2026-01-06 00:00:00+00:00,3297314556034.9707,2026-01-06,28.82412948221121,0.0271348672820082
2026-01-07 00:00:00+00:00,3305830582496.092,2026-01-07,28.82670886855031,0.0025793863391001537
2026-01-08 00:00:00+00:00,3215604810297.1406,2026-01-08,28.79903657732432,-0.02767229122598991
2026-01-09 00:00:00+00:00,3195366517518.474,2026-01-09,28.792722913146896,-0.006313664177422851
2026-01-10 00:00:00+00:00,3176966090593.78,2026-01-10,28.786947797754426,-0.005775115392470553
2026-01-11 00:00:00+00:00,3172579967167.977,2026-01-11,28.785566242574404,-0.0013815551800213655
2026-01-12 00:00:00+00:00,3190323037647.1387,2026-01-12,28.79114329331838,0.005577050743976741
2026-01-13 00:00:00+00:00,3191366856942.3657,2026-01-13,28.791470422753303,0.00032712943492185786
2026-01-14 00:00:00+00:00,3337734450068.417,2026-01-14,28.836313384399208,0.04484296164590518
2026-01-15 00:00:00+00:00,3374249459599.652,2026-01-15,28.847194033181577,0.010880648782368496
2026-01-16 00:00:00+00:00,3322262392470.889,2026-01-16,28.83166711029507,-0.015526922886508032
2026-01-17 00:00:00+00:00,3321749012727.579,2026-01-17,28.831512571203238,-0.00015453909183094083
2026-01-18 00:00:00+00:00,3313976041306.2764,2026-01-18,28.82916980536734,-0.0023427658358983194
2026-01-19 00:00:00+00:00,3263138943506.486,2026-01-19,28.813710714155224,-0.015459091212115084
2026-01-20 00:00:00+00:00,3218610349524.711,2026-01-20,28.799970813861805,-0.013739900293419538
2026-01-21 00:00:00+00:00,3070456109762.5884,2026-01-21,28.752847236447472,-0.047123577414332374
2026-01-22 00:00:00+00:00,3109284984476.0283,2026-01-22,28.765413907158067,0.012566670710594252
2026-01-23 00:00:00+00:00,3107095060576.685,2026-01-23,28.764709341486707,-0.0007045656713593473
2026-01-24 00:00:00+00:00,3108324774582.9097,2026-01-24,28.765105039301137,0.0003956978144294965
2026-01-25 00:00:00+00:00,3099601498452.0234,2026-01-25,28.762294670270087,-0.0028103690310494756
2026-01-26 00:00:00+00:00,3005344509950.709,2026-01-26,28.731413322918698,-0.030881347351389365
2026-01-27 00:00:00+00:00,3072696522696.897,2026-01-27,28.75357663816274,0.022163315244043247
2026-01-28 00:00:00+00:00,3110876459127.977,2026-01-28,28.76592562207129,0.01234898390854866
2026-01-29 00:00:00+00:00,3108156097996.4507,2026-01-29,28.76505077175332,-0.0008748503179702993
2026-01-30 00:00:00+00:00,2960411104791.635,2026-01-30,28.716349261374575,-0.04870151037874493
2026-01-31 00:00:00+00:00,2925679879091.897,2026-01-31,28.70454800689938,-0.011801254475194867
